Код Autodocs;Завод;Исходное;v15;Статус;KEEP loss;Idempotence fail;Residual confirmed;Референс
173508;"ООО ""Каланча"", Россия, г.Сергиев Посад";Головка ГМ-50 напорная УХЛ1 ТУ 4854-004-18215408-2001;Головка ГМ-50 напорная УХЛ1;ЗЕЛЁНЫЙ;False;False;;Головка ГМ-50 напорная УХЛ1
66967;"ООО Фабрика ""Старт"", Россия, г.Новосибирск, ИНН 5405494759, КПП 540501001, nsk@fabrika-start.ru";"Стол бильярдный. Габариты, мм-3600х1800х800 ""Гранд""";"Стол бильярдный. Габариты, мм-3600х1800х800 ""Гранд""";ЗЕЛЁНЫЙ;False;False;;"Стол бильярдный. Габариты, мм-3600х1800х800 ""Гранд"""
435203;Motorola, Соединенные Штаты, Шомберг;"Радиостанция взрывозащищённая (MDH25KCC6AN3_EA) в составе: Батарея аккумулляторная LiIOn, 1480 мАч (NNTN5010) - 2 шт., Антенна 14см. 154-174МГц (PMAD4015) - 1 шт., Гарнитура лёгкая ATEX с оголовьем (PMLN5153)- 1 компл., Чехол кожаный повышенной прочности (GMLN1111) - 1 шт., Крепление поясное на пояс 5 см (HLN9714) - 1 шт., Инструкция пользователя для GP340Atex на бумажном носителе - 1 шт., Устройство зарядное ""быстрое"" (MDHTN3001) - 1 шт. GP-340 ATEX";"Радиостанция взрывозащищённая (MDH25KCC6AN3_EA) в составе: Батарея аккумулляторная LiIOn, 1480 мАч (NNTN5010) - 2 шт., Антенна 14см. 154-174МГц (PMAD4015) - 1 шт., Гарнитура лёгкая ATEX с оголовьем (PMLN5153)- 1 компл., Чехол кожаный повышенной прочности (GMLN1111) - 1 шт., Крепление поясное на пояс 5 см (HLN9714) - 1 шт., Инструкция пользователя для GP340Atex на бумажном носителе - 1 шт., Устройство зарядное ""быстрое"" (MDHTN3001) - 1 шт. GP-340 ATEX";ЖЁЛТЫЙ;False;False;;"Радиостанция взрывозащищённая (MDH25KCC6AN3_EA) в составе: Батарея аккумулляторная LiIOn, 1480 мАч (NNTN5010) - 2 шт., Антенна 14см. 154-174МГц (PMAD4015) - 1 шт., Гарнитура лёгкая ATEX с оголовьем (PMLN5153)- 1 компл., Чехол кожаный повышенной прочности (GMLN1111) - 1 шт., Крепление поясное на пояс 5 см (HLN9714) - 1 шт., Инструкция пользователя для GP340Atex на бумажном носителе - 1 шт., Устройство зарядное ""быстрое"" (MDHTN3001) - 1 шт. GP-340 ATEX"
206838;"ООО Концерн ""Аксион"", ИНН 1831168300";Электросушилка для рук. Мощность, кВт-1,8. Габариты, мм-250х210х250 СР11 ТУ 5156-218-49640047-2015;Электросушилка для рук. Мощность, кВт-1,8. Габариты, мм-250х210х250 СР11;ЗЕЛЁНЫЙ;False;False;;Электросушилка для рук. Мощность, кВт-1,8. Габариты, мм-250х210х250 СР11
177019;"ООО ""Производственная компания ""Северная Аврора"", Россия, Санкт-Петербург";Лоток угловой для поворота трассы на 90 град. перфорированный, из оцинкованного листа, S1,5, УХЛ1 ЛМУ 100х65-1,5-90-ГЦ ТУ 3449-036-01394366-2012;Лоток угловой для поворота трассы на 90 град. перфорированный, из оцинкованного листа, S1,5, УХЛ1 ЛМУ 100х65-1,5-90-ГЦ;ЖЁЛТЫЙ;False;False;;Лоток угловой для поворота трассы на 90 град. перфорированный, из оцинкованного листа, S1,5, УХЛ1 ЛМУ 100х65-1,5-90-ГЦ
461486;"ОАО ""Атоммашэкспорт"", Россия, г.Волгодонск, ИНН 6143005914, КПП 614301001, atomexp@atomexp.ru";Клапан регулирующий антипомпажный с пневмоприводом, для надземной установки на трубопроводе DN 500, PN 8.0 МПа, климатическое исполнение ХЛ1, в комплекте переходами, ответными фланцами и крепежом ТУ 3742-094-08847871-2007 Комплектация по обосновывающему документу 0108.012.П.32.1.1.0004.УКПГ.000.1029.707-ТХ.ОЛ46-15;Клапан регулирующий антипомпажный с пневмоприводом, для надземной установки на трубопроводе DN 500, PN 8.0 МПа, климатическое исполнение ХЛ1, в комплекте переходами, ответными фланцами и крепежом Комплектация по обосновывающему документу 0108.012.П.32.1.1.0004.УКПГ.000.1029.707-ТХ.ОЛ46-15;ЗЕЛЁНЫЙ;False;False;;Клапан регулирующий антипомпажный с пневмоприводом, для надземной установки на трубопроводе DN 500, PN 8.0 МПа, климатическое исполнение ХЛ1, в комплекте переходами, ответными фланцами и крепежом Комплектация по обосновывающему документу 0108.012.П.32.1.1.0004.УКПГ.000.1029.707-ТХ.ОЛ46-15
79977;"ООО ""Смит-Изоляция"", Россия, д. Кузьмино, Смоленская обл.";Комплект заделки стыков сварных соединений трубопроводов с тепловой изоляцией из пенополиуретана КЗС(Т) 38/125 ТУ 4937-003-61424010-2015;Комплект заделки стыков сварных соединений трубопроводов с тепловой изоляцией из пенополиуретана КЗС(Т) 38/125;ЗЕЛЁНЫЙ;False;False;;Комплект заделки стыков сварных соединений трубопроводов с тепловой изоляцией из пенополиуретана КЗС(Т) 38/125
187487;"ЗАО ""Трубопроводные системы и технологии"", Россия, Москва";Муфта изолирующая монолитная для катодной защиты стальных трубопроводов ИММ-325-7,5-ХЛ ТУ 3647-006-93719333-2009 комплектация по обосновывающему документу 4550РД.4.Р.01.Гпп.2.000.Л.ОЛ25-17/1086 инв.№881033;Муфта изолирующая монолитная для катодной защиты стальных трубопроводов ИММ-325-7,5-ХЛ комплектация по обосновывающему документу 4550РД.4.Р.01.Гпп.2.000.Л.ОЛ25-17/1086 инв.№881033;ЗЕЛЁНЫЙ;False;False;;Муфта изолирующая монолитная для катодной защиты стальных трубопроводов ИММ-325-7,5-ХЛ комплектация по обосновывающему документу 4550РД.4.Р.01.Гпп.2.000.Л.ОЛ25-17/1086 инв.№881033
168208;"ОАО ""Тамбовмаш"", Россия, г. Тамбов";Вентилятор электроручной производительностью 600 м3/ч в I режиме вентиляции при работе ручного привода, при 45 об/мин. и напоре 588 Па (60 кгс/ м2), и производительностью 300 м3/ч во II режиме вентиляции при работе от электропривода при напоре 1226 Па (125 кгс/м2), электродвигатель АИР63В2 с частотой вращения n=3000 об/мин, N=0,55кВт ЭРВ-600/300 ТУ 4861-001-72424303-2013;Вентилятор электроручной производительностью 600 м3/ч в I режиме вентиляции при работе ручного привода, при 45 об/мин. и напоре 588 Па (60 кгс/ м2), и производительностью 300 м3/ч во II режиме вентиляции при работе от электропривода при напоре 1226 Па (125 кгс/м2), электродвигатель АИР63В2 с частотой вращения n=3000 об/мин, N=0,55кВт ЭРВ-600/300;ЗЕЛЁНЫЙ;False;False;;Вентилятор электроручной производительностью 600 м3/ч в I режиме вентиляции при работе ручного привода, при 45 об/мин. и напоре 588 Па (60 кгс/ м2), и производительностью 300 м3/ч во II режиме вентиляции при работе от электропривода при напоре 1226 Па (125 кгс/м2), электродвигатель АИР63В2 с частотой вращения n=3000 об/мин, N=0,55кВт ЭРВ-600/300
192483;"АО ""Электрощит"", Россия, д.Люторецкое";"Устройство вводно-распределительное, 380В, N+PE в составе: ВА47-29-3С25-УХЛ3 - 1шт.; АД12-22С20-АС-УХЛ4 - 1шт.; АД12-22С16-АС-УХЛ4 - 3шт.; АВДТ АД12-22С10-А-УХЛ4 - 4шт. ВРУ8-11-3Н-304-31 УХЛ4 ТУ 3434-014-00379152-10";"Устройство вводно-распределительное, 380В, N+PE в составе: ВА47-29-3С25-УХЛ3 - 1шт.; АД12-22С20-АС-УХЛ4 - 1шт.; АД12-22С16-АС-УХЛ4 - 3шт.; АВДТ АД12-22С10-А-УХЛ4 - 4шт. ВРУ8-11-3Н-304-31 УХЛ4";ЗЕЛЁНЫЙ;False;False;;"Устройство вводно-распределительное, 380В, N+PE в составе: ВА47-29-3С25-УХЛ3 - 1шт.; АД12-22С20-АС-УХЛ4 - 1шт.; АД12-22С16-АС-УХЛ4 - 3шт.; АВДТ АД12-22С10-А-УХЛ4 - 4шт. ВРУ8-11-3Н-304-31 УХЛ4"
209333;"ООО ""НПО""Гидросфера"", Россия, Москва, ИНН 7718927789, КПП 771801001, info@gidros.ru";Домкрат гидравлический. ДГ10П250 ТУ 4145 004-17384460-2013;Домкрат гидравлический. ДГ10П250 004-17384460-2013;ЗЕЛЁНЫЙ;False;False;;Домкрат гидравлический. ДГ10П250
169759;"ПГ ""Армотэк"", ИНН 7811026940";Блок бетонный Б-1-20-50 Серия 3.503.1-66;Блок бетонный Б-1-20-50 Серия 3.503.1-66;ЗЕЛЁНЫЙ;False;False;;Блок бетонный Б-1-20-50 Серия 3.503.1-66
85931;"ООО ""Волгопромтранс"", Россия, Средняя Ахтуба";Рукав напорный с текстильным каркасом, рукав Б(1)-10-40-53-У ГОСТ 18698-79;Рукав напорный с текстильным каркасом, рукав Б(1)-10-40-53-У ГОСТ 18698-79;ЖЁЛТЫЙ;False;False;;Рукав напорный с текстильным каркасом, рукав Б(1)-10-40-53-У ГОСТ 18698-79
467057;"ПКГ ""Гранат"", ИНН 7826064642";Аспиратор для отбора проб воздуха, габаритные размеры, мм: 230х190х120 А-01 ГОСТ 51945-2002. Комплектация по обосновывающему документу 0092.049.Р.13/1.0004.УКПГ.045.3502.209-ХЛ.ОЛ47 (изм.3) инв.№038894/0004;Аспиратор для отбора проб воздуха, габаритные размеры, мм: 230х190х120 А-01 ГОСТ 51945-2002. Комплектация по обосновывающему документу 0092.049.Р.13/1.0004.УКПГ.045.3502.209-ХЛ.ОЛ47 (изм.3) инв.№038894/0004;ЗЕЛЁНЫЙ;False;False;;Аспиратор для отбора проб воздуха, габаритные размеры, мм: 230х190х120 А-01 ГОСТ 51945-2002. Комплектация по обосновывающему документу 0092.049.Р.13/1.0004.УКПГ.045.3502.209-ХЛ.ОЛ47 (изм.3) инв.№038894/0004
87433;"АО ""Морозовский химический завод"", Россия, гп. им. Морозова, ИНН 4703068137, КПП 470301001, info@tdmhz.ru";Эмаль полисилоксановая для защиты металлических конструкций и оборудования в качестве грунтовочного слоя Армокот F100 до 300С RAL 7004 (серый) ТУ 2312-009-23354769-2008;Эмаль полисилоксановая для защиты металлических конструкций и оборудования в качестве грунтовочного слоя до 300С RAL 7004 (серый);ЗЕЛЁНЫЙ;False;False;;Эмаль полисилоксановая для защиты металлических конструкций и оборудования в качестве грунтовочного слоя RAL 7004 (серый)
310044;"ЗАО ""Химсервис"", Россия, г.Новомосковск, ИНН 7116001422, КПП 711601001, op@ch-s.ru";Пункт контрольно-измерительный КИП ХС.2.1.6-0.К300х400 ТУ 3435-027-24707490-2010;Пункт контрольно-измерительный КИП ХС.2.1.6-0.К300х400;ЗЕЛЁНЫЙ;False;False;;Пункт контрольно-измерительный КИП ХС.2.1.6-0.К300х400
274911;"ООО ""ПК ""ОПТЭКС"", Россия, Москва";Стеллаж, габаритные размеры, мм: 1200х1000х2500 SGR-V 12104-2,5 ТУ 9693-002-76628652-2014;Стеллаж, габаритные размеры, мм: 1200х1000х2500 SGR-V 12104-2,5;ЖЁЛТЫЙ;False;False;;Стеллаж, габаритные размеры, мм: 1200х1000х2500 SGR-V 12104-2,5
79603;"ООО Профессиональное кухонное оборудование ""Атеси"", Россия, г.Люберцы";"Поддержка для зонта ЗВН, МВО ""Atesy""";"Поддержка для зонта ЗВН, МВО ""Atesy""";ЗЕЛЁНЫЙ;False;False;;"Поддержка для зонта ЗВН, МВО ""Atesy"""
69058;"ООО ""ПолиАртМебель"", ИНН 7725584959";ТВ-подставка. Габариты, мм-600х350х670 ТВ3-60 металлик/прозрачное;ТВ-подставка. Габариты, мм-600х350х670 ТВ3-60 металлик/прозрачное;ЗЕЛЁНЫЙ;False;False;;ТВ-подставка. Габариты, мм-600х350х670 ТВ3-60 металлик/прозрачное
455119;"ООО ""ЕФТ ГРУПП"", ИНН 9715387881";"Оборудование спутниковое в комплекте: приемник EFT М5 GNSS-2шт; комплект контроллера EFT H4-1шт; ПО в контроллер EFT Field Survey; Штатив EFT (фибергласс; винт/клипса; 5,7кг); трегер EFT (с оптическим центриром); адаптер EFT для трегера; веха EFT телескопическая (алюминий; винт; 2.6м); ПО EFT PP для постобработки. EFT M5 RUS";"Оборудование спутниковое в комплекте: приемник EFT М5 GNSS-2шт; комплект контроллера EFT H4-1шт; ПО в контроллер EFT Field Survey; Штатив EFT (фибергласс; винт/клипса; 5,7кг); трегер EFT (с оптическим центриром); адаптер EFT для трегера; веха EFT телескопическая (алюминий; винт; 2.6м); ПО EFT PP для постобработки. EFT M5 RUS";ЗЕЛЁНЫЙ;False;False;;"Оборудование спутниковое в комплекте: приемник EFT М5 GNSS-2шт; комплект контроллера EFT H4-1шт; ПО в контроллер EFT Field Survey; Штатив EFT (фибергласс; винт/клипса; 5,7кг); трегер EFT (с оптическим центриром); адаптер EFT для трегера; веха EFT телескопическая (алюминий; винт; 2.6м); ПО EFT PP для постобработки. EFT M5 RUS"
436743;"АО ""АВИАТЕХ"", ИНН 5243015713";Плотномер ПЛОТ-3Б-1П-Ц-20А-10 АУТП.414122.006 ТУ1;Плотномер ПЛОТ-3Б-1П-Ц-20А-10 АУТП.414122.006;ЗЕЛЁНЫЙ;False;False;;Плотномер ПЛОТ-3Б-1П-Ц-20А-10 АУТП.414122.006
344806;"АО ""РАДИУС Автоматика"", Россия, г.Зеленоград, ИНН 7735100332, КПП 773501001, radius@rza.ru";Устройство для проверки выключателей с номинальным током до 800 А. Габариты 490х300х230 Сатурн-М3 ТУ 4222-006-17326295-06;Устройство для проверки выключателей с номинальным током до 800 А. Габариты 490х300х230 Сатурн-М3;ЗЕЛЁНЫЙ;False;False;;Устройство для проверки выключателей с номинальным током до 800 А. Габариты 490х300х230 Сатурн-М3
125914;"ОАО ""Манотомь"", г.Томск";Манометр показывающий: диаметр корпуса 160 мм-стальной, климатическое исполнение У2, диапазон показаний от 0 до 16 МПа, класс точности 1, с радиальным штуцером без фланца, с резьбой присоединительного штуцера М20х1,5-8g, степень защиты IP53, пломбировка МП4-УУ2-16 МПа-1-IP53-М20х1,5-8g-Пл ТУ 25-02.180335-84;Манометр показывающий: диаметр корпуса 160 мм-стальной, климатическое исполнение У2, диапазон показаний от 0 до 16 МПа, класс точности 1, с радиальным штуцером без фланца, с резьбой присоединительного штуцера М20х1,5-8g, степень защиты IP53, пломбировка МПа-1-IP53-М20х1,5-8g-Пл;ЗЕЛЁНЫЙ;False;False;;Манометр показывающий: диаметр корпуса 160 мм-стальной, климатическое исполнение У2, диапазон показаний от 0 до 16 МПа, класс точности 1, с радиальным штуцером без фланца, с резьбой присоединительного штуцера М20х1,5-8g, степень защиты IP53, пломбировка МП4-УУ2-16 МПа-1-IP53-М20х1,5-8g-Пл
210245;"ООО ""Авалон-Сервис"", Россия, г.Самара";Стенд для испытания дыхательных клапанов. Преобразователь давления 3000 - -3000Па. Диаметр присоединительных фланцев 50,100, 150,200, 250, 350, 500мм. Габариты,мм-650х650х750 СИД-150-500 РД 153-39.2-080-01;Стенд для испытания дыхательных клапанов. Преобразователь давления 3000 - -3000Па. Диаметр присоединительных фланцев 50,100, 150,200, 250, 350, 500мм. Габариты,мм-650х650х750 СИД-150-500 РД 153-39.2-080-01;ЗЕЛЁНЫЙ;False;False;;Стенд для испытания дыхательных клапанов. Преобразователь давления 3000 - -3000Па. Диаметр присоединительных фланцев 50,100, 150,200, 250, 350, 500мм. Габариты,мм-650х650х750 СИД-150-500 РД 153-39.2-080-01
521104;"АО ""Красногвардейский крановый завод"", ИНН 6602001676";Кран мостовой ручной однобалочный подвесной во взрывобезопасном исполнении 1,0-10,2 ТУ 24.00.4912-2007 комплектация по обосновывающему документу 0704.019.Р.14/0.0004.КСПХГ.000.23203.188-ТХ.ОЛ;Кран мостовой ручной однобалочный подвесной во взрывобезопасном исполнении 1,0-10,2 комплектация по обосновывающему документу 0704.019.Р.14/0.0004.КСПХГ.000.23203.188-ТХ.ОЛ;ЗЕЛЁНЫЙ;False;False;;Кран мостовой ручной однобалочный подвесной во взрывобезопасном исполнении 1,0-10,2 комплектация по обосновывающему документу 0704.019.Р.14/0.0004.КСПХГ.000.23203.188-ТХ.ОЛ
283253;"АО ""Корвет"", Россия, д. Казанцево Челябинская обл., ИНН 7460009005, КПП 746001001, CEO@korvet-jsc.ru";Задвижка клиновая DN 80 PN 1,6 МПа из стали 30ХМЛ исп.ХЛ1, tраб.ср.-от -50град.С до +100град.С, tокр.возд.-до -60град.С, фланцевая в комплекте с ответными фланцами исполнение E-F из стали 09Г2С, крепежом и прокладками, с электроприводом РэмТЭК-02 КЗКГЭ3Р-80х1,6-лс3М газ 31лс945нж ТУ 3741-002-08620564-97 Комплектация по обосновывающему документу 0108.152.001.Р.0004.149.0000.0715.331-ТХВ.ОЛ50-6 инв.№10138348;Задвижка клиновая DN 80 PN 1,6 МПа из стали 30ХМЛ исп.ХЛ1, tраб.ср.-от -50град.С до +100град.С, tокр.возд.-до -60град.С, фланцевая в комплекте с ответными фланцами исполнение E-F из стали 09Г2С, крепежом и прокладками, с электроприводом КЗКГЭ3Р-80х1,6-лс3М газ 31лс945нж Комплектация по обосновывающему документу 0108.152.001.Р.0004.149.0000.0715.331-ТХВ.ОЛ50-6 инв.№10138348;ЗЕЛЁНЫЙ;False;False;;Задвижка клиновая DN 80 PN 1,6 МПа из стали 30ХМЛ исп.ХЛ1, tраб.ср.-от -50град.С до +100град.С, tокр.возд.-до -60град.С, фланцевая в комплекте с ответными фланцами исполнение E-F из стали 09Г2С, крепежом и прокладками, с электроприводом РэмТЭК-02 КЗКГЭ3Р-80х1,6-лс3М газ 31лс945нж Комплектация по обосновывающему документу 0108.152.001.Р.0004.149.0000.0715.331-ТХВ.ОЛ50-6 инв.№10138348
163181;"АО ""Барнаульский завод АТИ"", Россия, г.Барнаул, ИНН 2223623411, КПП 222301001, sbyt@barnaul-ati.ru";Шнур асбестовый ШАОН 15 ШАОН 15 ГОСТ 1779-83;Шнур асбестовый ШАОН 15 ШАОН 15 ГОСТ 1779-83;ЗЕЛЁНЫЙ;False;False;;Шнур асбестовый ШАОН 15 ШАОН 15 ГОСТ 1779-83
454501;"ООО ""ФАБРИКА ИГРА"", Россия, г. Истра, ИНН 5017123384, КПП 501701001, shop@superigra.ru";"Стол бильярдный. Габариты, мм-3840х2600х800 ""Алькантара""";"Стол бильярдный. Габариты, мм-3840х2600х800 ""Алькантара""";ЗЕЛЁНЫЙ;False;False;;"Стол бильярдный. Габариты, мм-3840х2600х800 ""Алькантара"""
85992;"ООО Завод ""Световые технологии"", Россия, г.Рязань, ИНН 6229028102, КПП 622901001, info@rzn.LTcompany.com";"Светильник светодиодный с призматическим рассеивателем, встраиваемый в подвесные потолки типа ""Армстронг"", с аварийным блоком питания, мощностью 34 Вт, IP20, УХЛ4 арт. 1499000350 PRIZMA/R 595 EM ТУ 27.40.39-040-88466159-2019";"Светильник светодиодный с призматическим рассеивателем, встраиваемый в подвесные потолки типа ""Армстронг"", с аварийным блоком питания, мощностью 34 Вт, IP20, УХЛ4 PRIZMA/R 595 EM";ЗЕЛЁНЫЙ;False;False;;"Светильник светодиодный с призматическим рассеивателем, встраиваемый в подвесные потолки типа ""Армстронг"", с аварийным блоком питания, мощностью 34 Вт, IP20, УХЛ4 PRIZMA/R 595 EM"
435173;"ООО ""ТЦРИ ""Доступная среда"", Россия, г. Тольятти, ИНН 6321366135, КПП 632101001, 11@sreda63.ru";Подъемник для инвалидов с сопровождающим с металлокаркасной шахтой ДС-01-2-Ш ГОСТ Р 55555-2013 Комплектация по обосновывающему документу 4717.001.Р.0/0.0004.АИЦ.000.4003.001-ТХВ.ОЛ1 инв.№005745/0004;Подъемник для инвалидов с сопровождающим с металлокаркасной шахтой ДС-01-2-Ш ГОСТ Р 55555-2013 Комплектация по обосновывающему документу 4717.001.Р.0/0.0004.АИЦ.000.4003.001-ТХВ.ОЛ1 инв.№005745/0004;ЗЕЛЁНЫЙ;False;False;;Подъемник для инвалидов с сопровождающим с металлокаркасной шахтой ДС-01-2-Ш ГОСТ Р 55555-2013 Комплектация по обосновывающему документу 4717.001.Р.0/0.0004.АИЦ.000.4003.001-ТХВ.ОЛ1 инв.№005745/0004
284250;"ООО ""Данфосс"", ИНН 5017050537";Кран шаровой тип BVR латунный никелированный полнопроходный с внутренней резьбой UNI ISO 7/1 Ду 25 мм, Ру=4 МПа (Тmax=110С, Кvs=39 м3/ч) BVR №065В8209;Кран шаровой тип BVR латунный никелированный полнопроходный с внутренней резьбой UNI ISO 7/1 Ду 25 мм, Ру=4 МПа (Тmax=110С, Кvs=39 м3/ч) BVR №065В8209;ЗЕЛЁНЫЙ;False;False;;Кран шаровой тип BVR латунный никелированный полнопроходный с внутренней резьбой UNI ISO 7/1 Ду 25 мм, Ру=4 МПа (Тmax=110С, Кvs=39 м3/ч) BVR №065В8209
63082;"ОАО ""ГАРО"" , Россия, Москва, ИНН 7701017728, КПП 770101001, zakaz@garo.cc";"Комплект инструмента и оборудования. Габариты футляров, мм -790х540х530; 900х300х420;. КИ-389";"Комплект инструмента и оборудования. Габариты футляров, мм -790х540х530; 900х300х420;. КИ-389";ЗЕЛЁНЫЙ;False;False;;"Комплект инструмента и оборудования. Габариты футляров, мм -790х540х530; 900х300х420;. КИ-389"
314370;"АО ""Завод соединительных деталей"", Россия, г.Омск, ИНН 5504119220, КПП 550101001, zaotdzsd@mail.ru";Тройник Т I 530(18К60)-12,5(18,75)-В-318-60 ТУ 24.52.30-016-97871747-2018;Тройник Т I 530(18К60)-12,5(18,75)-В-318-60;ЗЕЛЁНЫЙ;False;False;;Тройник Т I 530(18К60)-12,5(18,75)-В-318-60
203225;"ОАО ""КМПО"" , Россия, г.Казань, ИНН 1657005416, КПП 166101001, kmpo@oao.kmpo.ru";Двигатель газотурбинный НК-16-18СТД серии 5 (резервный) Технические условия 218.000.000-5ТУ;Двигатель газотурбинный НК-16-18СТД серии 5 (резервный) Технические условия;ЗЕЛЁНЫЙ;False;False;;Двигатель газотурбинный НК-16-18СТД серии 5 (резервный) Технические условия
202710;"САО МО ""Западное Дегунино"", ИНН 7743680743";Шкаф инструментальный. Кол-во отделений, шт - 11. Габариты, мм-1067х458х1007 Арт. 24-71 Great ГОСТ 16371-2014;Шкаф инструментальный. Кол-во отделений, шт - 11. Габариты, мм-1067х458х1007 Great ГОСТ 16371-2014;ЗЕЛЁНЫЙ;False;False;;Шкаф инструментальный. Кол-во отделений, шт - 11. Габариты, мм-1067х458х1007 Great ГОСТ 16371-2014
441467;"ООО ""Неватом"", Россия, Новосибирск, ИНН 5402170450, КПП 540201001, zakaz@nevatom.ru";Заслонка ручная диаметром 125мм из оцинкованной стали, тип присоединения - ниппельное с резиновым уплотнением Р-125-ОЦ.-Н.Н., ТУ 4863-002-58769768-2014;Заслонка ручная диаметром 125мм из оцинкованной стали, тип присоединения - ниппельное с резиновым уплотнением Р-125-ОЦ.-Н.Н;ЗЕЛЁНЫЙ;False;False;;Заслонка ручная диаметром 125мм из оцинкованной стали, тип присоединения - ниппельное с резиновым уплотнением Р-125-ОЦ.-Н.Н.
226325;"ООО ""НПО ""Нефтегазкомплекс-ЭХЗ"", ИНН 6452050569";Блок совместной защиты с дискретным и плавным регулированием тока в комплекте с подставкой для установки на грунт БСЗП-1-25-УХЛ1 ТУ 3415-030-43750384-2017;Блок совместной защиты с дискретным и плавным регулированием тока в комплекте с подставкой для установки на грунт БСЗП-1-25-УХЛ1;ЗЕЛЁНЫЙ;False;False;;Блок совместной защиты с дискретным и плавным регулированием тока в комплекте с подставкой для установки на грунт БСЗП-1-25-УХЛ1
131719;"ЗАО фирма ""Шельф 1"", Россия, Москва";Насос ручной поршневой РПН -1,3/30;Насос ручной поршневой РПН -1,3/30;ЗЕЛЁНЫЙ;False;False;;Насос ручной поршневой РПН -1,3/30
270672;"АО ""Калугаприбор"", ИНН 4028050231";Радиостанция носимая абонентская, 407-473МГц, (в комплекте: батарея 1880мАч, стандартная антенна, зарядное устройство, клипса) СармаТ-9040, ВИУР.464425.004;Радиостанция носимая абонентская, 407-473МГц, (в комплекте: батарея 1880мАч, стандартная антенна, зарядное устройство, клипса) СармаТ-9040, ВИУР.464425.004;ЗЕЛЁНЫЙ;False;False;;Радиостанция носимая абонентская, 407-473МГц, (в комплекте: батарея 1880мАч, стандартная антенна, зарядное устройство, клипса) СармаТ-9040, ВИУР.464425.004
71834;"ОАО ""Павловский Автобус"", Россия, г.Павлово";Автобус, кол-во мест 52 (29+1), №дв.=118кВт/160л.с. Габаритные размеры,мм- 8380х2500х3085. КАВЗ 4235-42 Аврора;Автобус, кол-во мест 52 (29+1), №дв.=118кВт/160л.с. Габаритные размеры,мм- 8380х2500х3085. КАВЗ 4235-42 Аврора;ЗЕЛЁНЫЙ;False;False;;Автобус, кол-во мест 52 (29+1), №дв.=118кВт/160л.с. Габаритные размеры,мм- 8380х2500х3085. КАВЗ 4235-42 Аврора
200386;"ОАО ""Завод Сибгазстройдеталь"", Россия, г.Омск, ИНН 5503095632, КПП 550101001, info@td-sibgas.ru";Тройник П 1-60,3х4-48,3х3,6 ГОСТ 17376-2001;Тройник П 1-60,3х4-48,3х3,6 ГОСТ 17376-2001;ЗЕЛЁНЫЙ;False;False;;Тройник П 1-60,3х4-48,3х3,6 ГОСТ 17376-2001
74228;"ЗАО ""Завод элементов трубопроводов"", Россия, п. Большой Исток, ИНН 6652002594, КПП 668501001, zet@otvod.ru";Переход ПЭ-38х3-32х3 ГОСТ 17378-2001*;Переход ПЭ-38х3-32х3 ГОСТ 17378-2001*;ЗЕЛЁНЫЙ;False;False;;Переход ПЭ-38х3-32х3 ГОСТ 17378-2001*
283724;"АО ""Саратовский арматурный завод"", ИНН 6454051550";Затвор дисковый DN 80, PN 1,0 МПа, тип конструкции - с симметричным диском, тип присоединения - фланцевое с ответными фланцами, крепежом и прокладками, материал седла (уплотнения) - ЭПДМ, материал корпуса - сталь углеродистая, материал диска -коррозионностойкая сталь, тип привода - ручной через редуктор, тип исполнения - запорно-регулирующий, исполнение У2 (от минус 40 до плюс 40 С), рабочая среда (пар, вода) (от минус 40 до плюс 120 С) ЗД0.80.10.31.1232 ТУ 3741-008-55377430-08;Затвор дисковый DN 80, PN 1,0 МПа, тип конструкции - с симметричным диском, тип присоединения - фланцевое с ответными фланцами, крепежом и прокладками, материал седла (уплотнения) - ЭПДМ, материал корпуса - сталь углеродистая, материал диска -коррозионностойкая сталь, тип привода - ручной через редуктор, тип исполнения - запорно-регулирующий, исполнение У2 (от минус 40 до плюс 40 С), рабочая среда (пар, вода) (от минус 40 до плюс 120 С) ЗД0.80.10.31.1232;ЗЕЛЁНЫЙ;False;False;;Затвор дисковый DN 80, PN 1,0 МПа, тип конструкции - с симметричным диском, тип присоединения - фланцевое с ответными фланцами, крепежом и прокладками, материал седла (уплотнения) - ЭПДМ, материал корпуса - сталь углеродистая, материал диска -коррозионностойкая сталь, тип привода - ручной через редуктор, тип исполнения - запорно-регулирующий, исполнение У2 (от минус 40 до плюс 40 С), рабочая среда (пар, вода) (от минус 40 до плюс 120 С) ЗД0.80.10.31.1232
41848;"ООО ""Полигон"", ИНН 7808023788";Стол журнальный стеклянный, Габариты, мм - 925х475х410. Трио-2Т;Стол журнальный стеклянный, Габариты, мм - 925х475х410. Трио-2Т;ЗЕЛЁНЫЙ;False;False;;Стол журнальный стеклянный, Габариты, мм - 925х475х410. Трио-2Т
448781;"ООО ""Полимерные изделия"" , ИНН 1659041811";Воздуховод полимерный № 00,0,1,2,3,4,5,6. Габариты, мм-200х50х50 Ттп-«КМИЗ» ТУ 9436-116-05519988-2002;Воздуховод полимерный № 00,0,1,2,3,4,5,6. Габариты, мм-200х50х50 Ттп-«КМИЗ»;ЗЕЛЁНЫЙ;False;False;;Воздуховод полимерный № 00,0,1,2,3,4,5,6. Габариты, мм-200х50х50 Ттп-«КМИЗ»
276490;"ООО ""БАЛТЕХ "", Россия, Санкт-Петербург, ИНН 7804145619, КПП 780401001, info@baltech.ru";Система универсальная для лазерной центровки валов, шкивов ременных передач и измерения вибрации. Габаритные размеры вычислительного блока, мм: 103х181х29, измерительных блоков, мм: 92х77х33 BALTECH SA-4600 ТУ 4389-030-53292586-2015;Система универсальная для лазерной центровки валов, шкивов ременных передач и измерения вибрации. Габаритные размеры вычислительного блока, мм: 103х181х29, измерительных блоков, мм: 92х77х33 BALTECH SA-4600;ЗЕЛЁНЫЙ;False;False;;Система универсальная для лазерной центровки валов, шкивов ременных передач и измерения вибрации. Габаритные размеры вычислительного блока, мм: 103х181х29, измерительных блоков, мм: 92х77х33 BALTECH SA-4600
361202;"ООО ""Русгеосинт"", Россия, г. Нижний Новгород, ИНН 5261103779, КПП 526101001, info+1381230@geo-sin.ru, info+1381884@geo-sin.ru";"Изделие габионное ""Геомакс"" К-3х1х0,5-С-80-2,7-Ц СТО 13486530-007-2016";"Изделие габионное ""Геомакс"" К-3х1х0,5-С-80-2,7-Ц СТО 13486530-007-2016";ЗЕЛЁНЫЙ;False;False;;"Изделие габионное ""Геомакс"" К-3х1х0,5-С-80-2,7-Ц СТО 13486530-007-2016"
254952;"ООО ""Делонги "", ИНН 1646017441";Кофемашина De'Longhi Magnifica. Мощность, кВт-1,45. Габариты, мм-240x430x350. ECAM 22.360S;Кофемашина De'Longhi Magnifica. Мощность, кВт-1,45. Габариты, мм-240x430x350. ECAM 22.360S;ЗЕЛЁНЫЙ;False;False;;Кофемашина De'Longhi Magnifica. Мощность, кВт-1,45. Габариты, мм-240x430x350. ECAM 22.360S
190680;"ООО ""ОПТЕН-КАБЕЛЬ"", Россия, д.Суоранда, ИНН 4703062953, КПП 470301001, marketing@opten.spb.ru";Кабель волоконно-оптический для прокладки в канализации и внутри зданий ОПН-ДПО-нг(А)-HF-06-048А08-2,7 ТУ 3587-002-56938994-2011;Кабель волоконно-оптический для прокладки в канализации и внутри зданий ОПН;ЗЕЛЁНЫЙ;False;False;;Кабель волоконно-оптический для прокладки в канализации и внутри зданий ОПН-ДПО-нг(А)-HF-06-048А08-2,7
423114;"ООО ""ЮЦС"", Россия, Москва, ИНН 7726398426, КПП 772601001, sales@yutong-center.com";Автобус, кол-во мест 53-57, Nдв.=244,9кВт/333л.с. Габаритные размеры, мм - 12300х2550х3620 Yutong ZK 6127 HQ комплектация по обосновывающему документу 0092.032.Р.12/1.0004.УКПГ.001.3207.208-ТХВ1.ОЛ25 (изм.4) инв.№10180232;Автобус, кол-во мест 53-57, Nдв.=244,9кВт/333л.с. Габаритные размеры, мм - 12300х2550х3620 Yutong ZK 6127 HQ комплектация по обосновывающему документу 0092.032.Р.12/1.0004.УКПГ.001.3207.208-ТХВ1.ОЛ25 (изм.4) инв.№10180232;ЗЕЛЁНЫЙ;False;False;;Автобус, кол-во мест 53-57, Nдв.=244,9кВт/333л.с. Габаритные размеры, мм - 12300х2550х3620 Yutong ZK 6127 HQ комплектация по обосновывающему документу 0092.032.Р.12/1.0004.УКПГ.001.3207.208-ТХВ1.ОЛ25 (изм.4) инв.№10180232
342565;"ООО ""Международная группа компаний ""Световые технологии"" (OOO ""МГК ""Световые технологии""), Россия, г. Москва, ИНН 7715723321, КПП 771501001, info@msk.LTcompany.com";"Табло информационное взрывозащищенное светодиодное с пиктограммой ""ПОЖАРНЫЙ ГИДРАНТ"" постоянного действия в комплекте с аккумуляторной батареей, 4 Вт, время работы в аварийном режиме 3 часа, с креплением на стену, в комплекте с кабельным вводом для небронированного кабеля серии NA (арт. 2327009380), 1 Ex db IIC T6 Gb, IP66. Код 1389000420 PROTON LED Exd W034 ТУ 3461-025-88466159-15";"Табло информационное взрывозащищенное светодиодное с пиктограммой ""ПОЖАРНЫЙ ГИДРАНТ"" постоянного действия в комплекте с аккумуляторной батареей, 4 Вт, время работы в аварийном режиме 3 часа, с креплением на стену, в комплекте с кабельным вводом для небронированного кабеля серии NA, 1 Ex db IIC T6 Gb, IP66. Код 1389000420 PROTON LED Exd W034";ЗЕЛЁНЫЙ;False;False;;"Табло информационное взрывозащищенное светодиодное с пиктограммой ""ПОЖАРНЫЙ ГИДРАНТ"" постоянного действия в комплекте с аккумуляторной батареей, 4 Вт, время работы в аварийном режиме 3 часа, с креплением на стену, в комплекте с кабельным вводом для небронированного кабеля серии NA (), 1 Ex db IIC T6 Gb, IP66. Код 1389000420 PROTON LED Exd W034"
131518;"ООО ""Концерн Медведь Производственный Участок № 7"", Россия, 156603, г. Кострома";Кондиционер центральный КПКЦ-3,15-С3 ТУ 4863-023-32509656-2010 комплектация по обосновывающему документу 4550РД.00.Р.01.УКПГ.3.176.ОВ.Н1 инв.№820465;Кондиционер центральный КПКЦ-3,15-С3 комплектация по обосновывающему документу 4550РД.00.Р.01.УКПГ.3.176.ОВ.Н1 инв.№820465;ЖЁЛТЫЙ;False;False;;Кондиционер центральный КПКЦ-3,15-С3 комплектация по обосновывающему документу 4550РД.00.Р.01.УКПГ.3.176.ОВ.Н1 инв.№820465
274903;"ООО ТПК ""Татполимер"", Россия, г.Чистополь, ИНН 1652013117, КПП 165201001, sales@tatpolimer.ru";Трап вертикальный D110,материал корпуса ПП,материал решетки из нержавеющей стали 150х150, пропускная способность 1л/с, наименование запахозапирающего устройства-гидрозатвор.;Трап вертикальный D110,материал корпуса ПП,материал решетки из нержавеющей стали 150х150, пропускная способность 1л/с, наименование запахозапирающего устройства-гидрозатвор;ЗЕЛЁНЫЙ;False;False;;Трап вертикальный D110,материал корпуса ПП,материал решетки из нержавеющей стали 150х150, пропускная способность 1л/с, наименование запахозапирающего устройства-гидрозатвор.
193637;"ООО """"ГК ""КИПКомплект"", Россия, г. Уфа, ИНН 276921055, КПП 27601001, gaz@kipkomplekt.ru";Одориметр органолептический стационарный ОРГО;Одориметр органолептический стационарный ОРГО;ЗЕЛЁНЫЙ;False;False;;Одориметр органолептический стационарный ОРГО
270487;"НПП ""Динамика"", Россия, г.Чебоксары, ИНН 2129001830, КПП 213001001, dynamics@chtts.ru";Вольтамперфазометр РЕТОМЕТР-М3 БРГА.411259.008ТУ;Вольтамперфазометр РЕТОМЕТР-М3;ЗЕЛЁНЫЙ;False;False;;Вольтамперфазометр РЕТОМЕТР-М3
72813;"АО ""Нефтемаш"" - САПКОН";Клапан дыхательный механический со встроенным огнепреградителем Ду 150 в комплекте с ответными фланцами и крепежом КДМ1-150 У1 ТУ 26-02-1111-94;Клапан дыхательный механический со встроенным огнепреградителем Ду 150 в комплекте с ответными фланцами и крепежом КДМ1-150 У1;ЗЕЛЁНЫЙ;False;False;;Клапан дыхательный механический со встроенным огнепреградителем Ду 150 в комплекте с ответными фланцами и крепежом КДМ1-150 У1
470322;"ООО ""Центр промышленного снабжения и комплектации"", ИНН 7714730848";Газоперекачивающий агрегат ГПА-6 4471-22 ТЗ Комплектация по обосновывающему документу 0108.152.001.Р.0004.149.0000.1029.466-ТХГП.ОЛ1 (изм.1) инв.№008729/0004;Газоперекачивающий агрегат ГПА-6 4471-22 ТЗ Комплектация по обосновывающему документу 0108.152.001.Р.0004.149.0000.1029.466-ТХГП.ОЛ1 (изм.1) инв.№008729/0004;ЗЕЛЁНЫЙ;False;False;;Газоперекачивающий агрегат ГПА-6 4471-22 ТЗ Комплектация по обосновывающему документу 0108.152.001.Р.0004.149.0000.1029.466-ТХГП.ОЛ1 (изм.1) инв.№008729/0004
270518;"ЗАО ""ИРБИС-Т"", Россия, г. Тула, ИНН 7103026941, КПП 710301001, company@shtyl.ru";Инвертор 48/230, 2000ВА/1500 Вт Штиль PS48/1500 (STS-HS) ГБРА.430434.003 ТУ;Инвертор 48/230, 2000ВА/1500 Вт Штиль (STS-HS) ГБРА.430434.003;ЗЕЛЁНЫЙ;False;False;;Инвертор 48/230, 2000ВА/1500 Вт Штиль PS48/1500 (STS-HS) ГБРА.430434.003
342369;"АО ""СИБУР-Нефтехим"", ИНН 5249051203";Моноэтиленгликоль (МЭГ) 1-й сорт ГОСТ 19710-2019;Моноэтиленгликоль (МЭГ) 1-й сорт ГОСТ 19710-2019;ЗЕЛЁНЫЙ;False;False;;Моноэтиленгликоль (МЭГ) 1-й сорт ГОСТ 19710-2019
37092;"ОАО ""Старооскольский завод электромонтажных изделий"", Россия, г.Старый Оскол, ИНН 3128001324, КПП 312801001, nku@soemi.ru";Уголок К-236 У2 ТУ 3449-018-05774835-2007;Уголок К-236 У2;ЗЕЛЁНЫЙ;False;False;;Уголок К-236 У2
259492;"АО ""Морозовский химический завод"", ИНН 4703068137";"Система лакокрасочного покрытия (цвет красный) RAL 3020 ""Армокот F100"" ТУ 2312-047-23354769-2016";Система лакокрасочного покрытия (цвет красный) RAL 3020;ЗЕЛЁНЫЙ;False;False;;Система лакокрасочного покрытия (цвет красный) RAL 3020
446664;"ООО НПО ""РУСАРСЕНАЛ"", Россия, Москва, ИНН 7733653557, КПП 773301001, mail@rusarsenal.ru";Рукав пожарный напорный с внутренним гидроизоляционным покрытием в сборе с головками ГР-80, длиной 20 м Селект РПМ(В)-80-1,6-УХЛ1 ТУ 13.96.16-060-85787444-2022;Рукав пожарный напорный с внутренним гидроизоляционным покрытием в сборе с головками ГР-80, длиной 20 м Селект РПМ(В)-80-1,6-УХЛ1;ЗЕЛЁНЫЙ;False;False;;Рукав пожарный напорный с внутренним гидроизоляционным покрытием в сборе с головками ГР-80, длиной 20 м Селект РПМ(В)-80-1,6-УХЛ1
178169;"ООО ""Алстрим Энерго"", Россия, Санкт-Петербург";Система мониторинга волоконно-оптического кабеля Комплектация по обосновывающему документу 4570РД2-7.00.Р.03.ЛПУ.4.1.УС.ОЛ2 (изм.1) инв.№872741;Система мониторинга волоконно-оптического кабеля Комплектация по обосновывающему документу 4570РД2-7.00.Р.03.ЛПУ.4.1.УС.ОЛ2 (изм.1) инв.№872741;ЗЕЛЁНЫЙ;False;False;;Система мониторинга волоконно-оптического кабеля Комплектация по обосновывающему документу 4570РД2-7.00.Р.03.ЛПУ.4.1.УС.ОЛ2 (изм.1) инв.№872741
132024;"ООО НПП""Промтех-СК"", Россия, г.Пермь";Кран мостовой электрический однобалочный подвесной во взрывобезопасном исполнении 8,0-10,2 ТУ 3157-017-38906708-2013 комплектация по обосновывающему документу 4550РД.00.Р.01.УКПГ.3.171.ТХ.ОЛ3 инв.№820770;Кран мостовой электрический однобалочный подвесной во взрывобезопасном исполнении 8,0-10,2 комплектация по обосновывающему документу 4550РД.00.Р.01.УКПГ.3.171.ТХ.ОЛ3 инв.№820770;ЗЕЛЁНЫЙ;False;False;;Кран мостовой электрический однобалочный подвесной во взрывобезопасном исполнении 8,0-10,2 комплектация по обосновывающему документу 4550РД.00.Р.01.УКПГ.3.171.ТХ.ОЛ3 инв.№820770
247403;"ООО ""АНИ пласт"", ИНН 7734240249";"Cифон регулируемый ""АНИ"" для душевого поддона (1 1/2""- Ду40) арт. Е210 ТУ 4952-003-54639483-2006";"Cифон регулируемый ""АНИ"" для душевого поддона (1 1/2""- Ду40)";ЗЕЛЁНЫЙ;False;False;;"Cифон регулируемый ""АНИ"" для душевого поддона (1 1/2""- Ду40)"
505063;"ООО ""Комэкопром"", ИНН 6911019381";Сооружение канализационное очистное производственных стоков производительностью 200 м3/сутки ТУ 4859-002-93265872-2012 Комплектация по обосновывающему документу 0450.001.010.Р3.0004.287.ГП3.2054.011-ВК.ОЛ (изм.1);Сооружение канализационное очистное производственных стоков производительностью 200 м3/сутки Комплектация по обосновывающему документу 0450.001.010.Р3.0004.287.ГП3.2054.011-ВК.ОЛ (изм.1);ЗЕЛЁНЫЙ;False;False;;Сооружение канализационное очистное производственных стоков производительностью 200 м3/сутки Комплектация по обосновывающему документу 0450.001.010.Р3.0004.287.ГП3.2054.011-ВК.ОЛ (изм.1)
228094;"ООО ""НПО ""Вымпел"", Россия, г.Саратов";Система подачи ингибитора СПИ-02-2К-25-30-0,3/5,0-П-П-Х-Х-Х КРАУ 2.833.014ТУ комплектация по обосновывающему документу 4505.00.Р.01.УКПГ-ГП.000.220.Т.ОЛ11К инв.№10050871;Система подачи ингибитора СПИ-02-2К-25-30-0,3/5,0-П-П-Х-Х-Х КРАУ комплектация по обосновывающему документу 4505.00.Р.01.УКПГ-ГП.000.220.Т.ОЛ11К инв.№10050871;ЖЁЛТЫЙ;False;False;;Система подачи ингибитора СПИ-02-2К-25-30-0,3/5,0-П-П-Х-Х-Х КРАУ комплектация по обосновывающему документу 4505.00.Р.01.УКПГ-ГП.000.220.Т.ОЛ11К инв.№10050871
76327;"ООО ""Компания СИМАС"", Россия, Москва, ИНН 7726538560, КПП 772601001, info@simas.ru";Стакан градуированный, объем, мл: 250, цена деления, мл: 10, внешний диаметр, мм: 71, высота, мм: 95 5.1B004 KARTELL;Стакан градуированный, объем, мл: 250, цена деления, мл: 10, внешний диаметр, мм: 71, высота, мм: 95 5.1B004 KARTELL;ЗЕЛЁНЫЙ;False;False;;Стакан градуированный, объем, мл: 250, цена деления, мл: 10, внешний диаметр, мм: 71, высота, мм: 95 5.1B004 KARTELL
317640;"ООО ""Кирелис"", Россия, Москва, ИНН 5027141583, КПП 502701001, mail@kirelis.ru";"Камлок из нержавеющей стали F-150 1 1/2""(38мм) Импорт";"Камлок из нержавеющей стали F-150 1 1/2""(38мм) Импорт";ЗЕЛЁНЫЙ;False;False;;"Камлок из нержавеющей стали F-150 1 1/2""(38мм) Импорт"
342956;"АО ""Эридан"", ИНН 6604007264";"Оповещатель пожарный взрывозащищенный световой, 1Ex db mb [ib] IIC T4 Gb Х, с постоянно присоединенной внешней взрывозащищенной клеммной коробкой с двумя кабельными вводами КВБ17 для монтажа бронированным кабелем с диаметром брони до 17 мм и одной заглушкой, с надписью ""ЗАГАЗОВАННОСТЬ» красными буквами на черном фоне, с дополнительной звуковой секцией, с козырьком, напряжение питания 24В Экран-С-ККВ-К3-24VDC-ГП, «ЗАГАЗОВАННОСТЬ» (К/Ч), КВБ17, КВБ17, ЗГ, СЗК Экран ТУ 4371-007-43082497-05";"Оповещатель пожарный взрывозащищенный световой, 1Ex db mb [ib] IIC T4 Gb Х, с постоянно присоединенной внешней взрывозащищенной клеммной коробкой с двумя кабельными вводами КВБ17 для монтажа бронированным кабелем с диаметром брони до 17 мм и одной заглушкой, с надписью ""ЗАГАЗОВАННОСТЬ» красными буквами на черном фоне, с дополнительной звуковой секцией, с козырьком, напряжение питания 24В, «ЗАГАЗОВАННОСТЬ» (К/Ч), КВБ17, КВБ17, ЗГ, СЗК Экран";ЗЕЛЁНЫЙ;False;False;;"Оповещатель пожарный взрывозащищенный световой, 1Ex db mb [ib] IIC T4 Gb Х, с постоянно присоединенной внешней взрывозащищенной клеммной коробкой с двумя кабельными вводами КВБ17 для монтажа бронированным кабелем с диаметром брони до 17 мм и одной заглушкой, с надписью ""ЗАГАЗОВАННОСТЬ» красными буквами на черном фоне, с дополнительной звуковой секцией, с козырьком, напряжение питания 24В Экран-С-ККВ-К3-24VDC-ГП, «ЗАГАЗОВАННОСТЬ» (К/Ч), КВБ17, КВБ17, ЗГ, СЗК Экран"
70596;"ЗАО ""ТВЭЛ-Теплоросс"", Россия, Санкт-Петербург, ИНН 4712019030, КПП 471201001, tvel-pex@mail.ru";Отвод 90град. ВПГ ППУ ПЭ 38х2/110 тип I ТУ 5768-003-27519262-97;Отвод 90град. ВПГ ППУ ПЭ 38х2/110 тип I;ЗЕЛЁНЫЙ;False;False;;Отвод 90град. ВПГ ППУ ПЭ 38х2/110 тип I
163012;"ООО ""Егорьевский завод РТИ"", ИНН 7714373716";Набивка сальниковая ЛП ЛП-31 4х4 мм, ГОСТ 5152-84;Набивка сальниковая ЛП ЛП-31 4х4 мм, ГОСТ 5152-84;ЗЕЛЁНЫЙ;False;False;;Набивка сальниковая ЛП ЛП-31 4х4 мм, ГОСТ 5152-84
467277;"ООО ""Лабконцепт"", ИНН 7801697467";ИК-Фурье спектрометр, спектральный диапазон показаний, см-1: от 7800 до 350, максимальное спектральное разрешение (без аподизации), см-1, не более: 0,85, потребляемая мощность, кВт: 0,08, габаритные размеры, мм: 490х420х240. Комплект: персональный компьютер, Wi-Fi модуль для соединения с ПК i-Red 7800u-L. Комплектация по обосновывающему документу 0092.049.Р.13/1.0004.УКПГ.045.3502.209-ХЛ.ОЛ72 (изм.3) инв.№038975/0004;ИК-Фурье спектрометр, спектральный диапазон показаний, см-1: от 7800 до 350, максимальное спектральное разрешение (без аподизации), см-1, не более: 0,85, потребляемая мощность, кВт: 0,08, габаритные размеры, мм: 490х420х240. Комплект: персональный компьютер, Wi-Fi модуль для соединения с ПК i-Red 7800u-L. Комплектация по обосновывающему документу 0092.049.Р.13/1.0004.УКПГ.045.3502.209-ХЛ.ОЛ72 (изм.3) инв.№038975/0004;ЗЕЛЁНЫЙ;False;False;;ИК-Фурье спектрометр, спектральный диапазон показаний, см-1: от 7800 до 350, максимальное спектральное разрешение (без аподизации), см-1, не более: 0,85, потребляемая мощность, кВт: 0,08, габаритные размеры, мм: 490х420х240. Комплект: персональный компьютер, Wi-Fi модуль для соединения с ПК i-Red 7800u-L. Комплектация по обосновывающему документу 0092.049.Р.13/1.0004.УКПГ.045.3502.209-ХЛ.ОЛ72 (изм.3) инв.№038975/0004
268712;"ООО ""ВиКонт"", Россия, Москва";Вибростенд взрывозащищенный переносной аккумуляторный ВСВ-131Ex, ВТПР.441161.020 ТУ;Вибростенд взрывозащищенный переносной аккумуляторный ВСВ-131Ex, ВТПР.441161.020;ЖЁЛТЫЙ;False;False;;Вибростенд взрывозащищенный переносной аккумуляторный ВСВ-131Ex, ВТПР.441161.020
65790;"АО ""Арамильский завод передовых технологий""";"Соединение тройниковое Ст(159х5,0+1ф32х3,0)х355-(25х3,0)х250-ППУ-ОЦ тип VII Ст.09Г2С Skin-система по технологии ООО ""Специальные системы и технологии"" труба 32х3,0 ГОСТ 8732-78/ст.20 ГОСТ 8731-74 с шаровым краном воздушника ф20 КШ.Ц.С.020/015.016.03 с изоляцией по ГОСТ 30732-2006";"Соединение тройниковое Ст(159х5,0+1ф32х3,0)х355-(25х3,0)х250-ППУ-ОЦ тип VII Ст.09Г2С Skin-система по технологии ООО ""Специальные системы и технологии"" труба 32х3,0 ГОСТ 8732-78/ст.20 ГОСТ 8731-74 с шаровым краном воздушника ф20 КШ.Ц.С.020/015.016.03 с изоляцией по ГОСТ 30732-2006";ЗЕЛЁНЫЙ;False;False;;Соединение тройниковое Ст(159х5,0+1ф32х3,0)х355-(25х3,0)х250-ППУ-ОЦ тип VII Ст.09Г2С Skin-система по технологии
352851;"ООО ""КОПТЕРТ"", ИНН 7719431129";"Квадрокоптер в исполнении Fly More Combo Plus (DJI RC) в составе: 1. Квадрокоптер DJI Mini 3 -1 шт; 2. Пульт РУ DJI RC -1 шт; 3. Аккумулятор -3 шт; 4. Запасные пропеллеры -3 пар; 5. Запасные винты -18 шт; 6. Отвертка -1 шт; 7. Защита карданного подвеса -1 шт; 8. Кабель PD от Type-C до Type-C -1 шт; 9. Кабель USB-C -1 шт; 10. Сумка -1 шт; 11. Двусторонний зарядный концентратор -1 шт. DJI Mini 3";"Квадрокоптер в исполнении Fly More Combo Plus (DJI RC) в составе: 1. Квадрокоптер DJI Mini 3 -1 шт; 2. Пульт РУ DJI RC -1 шт; 3. Аккумулятор -3 шт; 4. Запасные пропеллеры -3 пар; 5. Запасные винты -18 шт; 6. Отвертка -1 шт; 7. Защита карданного подвеса -1 шт; 8. Кабель PD от Type-C до Type-C -1 шт; 9. Кабель USB-C -1 шт; 10. Сумка -1 шт; 11. Двусторонний зарядный концентратор -1 шт. DJI Mini 3";ЗЕЛЁНЫЙ;False;False;;"Квадрокоптер в исполнении Fly More Combo Plus (DJI RC) в составе: 1. Квадрокоптер DJI Mini 3 -1 шт; 2. Пульт РУ DJI RC -1 шт; 3. Аккумулятор -3 шт; 4. Запасные пропеллеры -3 пар; 5. Запасные винты -18 шт; 6. Отвертка -1 шт; 7. Защита карданного подвеса -1 шт; 8. Кабель PD от Type-C до Type-C -1 шт; 9. Кабель USB-C -1 шт; 10. Сумка -1 шт; 11. Двусторонний зарядный концентратор -1 шт. DJI Mini 3"
241491;"ООО ""АНКАС"", Россия, г. Челябинск, ИНН 7451376055, КПП 745101001, sell@ankas.ru";"Шланг для масла 3/4 ""Samoa"", 5 метров";"Шланг для масла 3/4 ""Samoa"", 5 метров";ЗЕЛЁНЫЙ;False;False;;"Шланг для масла 3/4 ""Samoa"", 5 метров"
65608;"ОАО ""Техника связи"", Беларусь, г.Барань";Коробка универсальная, клеммная УК-2П ЯДКГ 000001.001.ТУ;Коробка универсальная, клеммная УК-2П ЯДКГ;ЗЕЛЁНЫЙ;False;False;;Коробка универсальная, клеммная УК-2П ЯДКГ
528037;"ООО Завод ""Современные технологии изоляции"", ИНН 7453316245";"Опора неподвижная тип 5-А для надземной прокладки Ст89х4 Ст.09Г2С ГОСТ 8732-78 + 1д32х3-325х25 ТУ 25.11.22-020-19833317-2021-ППУ-280-ОЦ ст.20 ГОСТ 8734-75, ТУ 23.99.19-004-19833317-2019 ""расположение теплоспутника - 12 часов"" ТУ 25.11.22-020-19833317-2021";"Опора неподвижная тип 5-А для надземной прокладки Ст89х4 Ст.09Г2С ГОСТ 8732-78 + 1д32х3-325х25 ст.20 ГОСТ 8734-75, ""расположение теплоспутника - 12 часов""";ЗЕЛЁНЫЙ;False;False;;"Опора неподвижная тип 5-А для надземной прокладки Ст89х4 Ст.09Г2С ГОСТ 8732-78 + 1д32х3-325х25 ГОСТ 8734-75, ""расположение теплоспутника - 12 часов"""
206329;"ООО ""АБН"", Россия, Москва, ИНН 7730640648, КПП 775101001, info@abn.ru";Патч-корд U/UTP, Cat.5e, LSZH, 20 м, серый Hyperline PC-LPM-UTP-RJ45-RJ45-C5e-20M-LSZH-GY;Патч-корд U/UTP, Cat.5e, LSZH, 20 м, серый Hyperline PC-LPM-UTP-RJ45-RJ45-C5e-20M-LSZH-GY;ЗЕЛЁНЫЙ;False;False;;Патч-корд U/UTP, Cat.5e, LSZH, 20 м, серый Hyperline PC-LPM-UTP-RJ45-RJ45-C5e-20M-LSZH-GY
402737;"ЗАО ""Мытищинский Приборостроительный Завод"", Россия, г.Мытищи, ИНН 5029217125, КПП 502901001, info@mpz.ru";Лаборатория волоконно-оптических линий связи Комплектация по обосновывающему документу 3719.001.П.0/0.0004.АИЦ.001.4003.001-УС.ОЛ1 инв.№10176074;Лаборатория волоконно-оптических линий связи Комплектация по обосновывающему документу 3719.001.П.0/0.0004.АИЦ.001.4003.001-УС.ОЛ1 инв.№10176074;ЗЕЛЁНЫЙ;False;False;;Лаборатория волоконно-оптических линий связи Комплектация по обосновывающему документу 3719.001.П.0/0.0004.АИЦ.001.4003.001-УС.ОЛ1 инв.№10176074
192014;"ООО  ""Аркон"", Россия, поселок Мохсоголлох";Промежуточная деревянная опора ПД65-2,2 ГОСТ 9463-2016;Промежуточная деревянная опора ПД65-2,2 ГОСТ 9463-2016;ЖЁЛТЫЙ;False;False;;Промежуточная деревянная опора ПД65-2,2 ГОСТ 9463-2016
256578;"АО ""Вибро–прибор"", Россия, Санкт–Петербург, ИНН 7801090626, КПП 781001001, general@vpripribordat.ru";Аппаратура контроля вибрации. Диапазон частот измеряемой виброскорости, Гц - 30 - 200. Диапазон выходного постоянного напряжения, пропорционального измеряемой виброскорости, на нагрузку не менее 10 кОм, мВ-250...5000. Габариты, мм – 240х240х80. ИВ-Д-ПФ-5МТ.1 ЖЯИУ.421431.001-127 ТУ;Аппаратура контроля вибрации. Диапазон частот измеряемой виброскорости, Гц - 30 - 200. Диапазон выходного постоянного напряжения, пропорционального измеряемой виброскорости, на нагрузку не менее 10 кОм, мВ-250...5000. Габариты, мм – 240х240х80. ИВ-Д-ПФ-5МТ.1;ЗЕЛЁНЫЙ;False;False;;Аппаратура контроля вибрации. Диапазон частот измеряемой виброскорости, Гц - 30 - 200. Диапазон выходного постоянного напряжения, пропорционального измеряемой виброскорости, на нагрузку не менее 10 кОм, мВ-250...5000. Габариты, мм – 240х240х80. ИВ-Д-ПФ-5МТ.1 ЖЯИУ.421431.001-127
499297;"АО ""СПКБ Техно"", ИНН 5036043550";Кабель огнестойкий оптический СП-ОКБнг(А)-FRHF-М8П-8А-20 ТУ 3587-017-70464675-2015;Кабель огнестойкий оптический СП-ОКБнг(А)-FRHF-М8П-8А-20;ЗЕЛЁНЫЙ;False;False;;Кабель огнестойкий оптический СП-ОКБнг(А)-FRHF-М8П-8А-20
231911;"ООО НПП ""Экоюрус-Венто"", Россия, Санкт-Петербург, ИНН 7806031350, КПП 781401001, mail@ecoyurus.ru";Агрегат фильтровентиляционный. Мощность, кВт - 3,00. Габариты, мм - 1766х1048х2270 ЦФВ-3000 ТУ 3646-005-11161094-2016;Агрегат фильтровентиляционный. Мощность, кВт - 3,00. Габариты, мм - 1766х1048х2270 ЦФВ-3000;ЗЕЛЁНЫЙ;False;False;;Агрегат фильтровентиляционный. Мощность, кВт - 3,00. Габариты, мм - 1766х1048х2270 ЦФВ-3000
66581;"ООО ""Компания КиМ"" , Россия, Москва, ИНН 7718756491, КПП 771801001, moscow@kim-ltd.ru";Увлажнитель воздуха, площадь/объем помещения: 60/150, резервуар для воды, л: 5, расход воды, г/ч: 400, потребляемая мощность, кВт: 0,04, габаритные размеры, мм: 400х185х290 Boneco 7136;Увлажнитель воздуха, площадь/объем помещения: 60/150, резервуар для воды, л: 5, расход воды, г/ч: 400, потребляемая мощность, кВт: 0,04, габаритные размеры, мм: 400х185х290 Boneco 7136;ЗЕЛЁНЫЙ;False;False;;Увлажнитель воздуха, площадь/объем помещения: 60/150, резервуар для воды, л: 5, расход воды, г/ч: 400, потребляемая мощность, кВт: 0,04, габаритные размеры, мм: 400х185х290 Boneco 7136
198879;"ООО ""СовИнструментСервис"", Россия, Москва";Микрометр гладкий цифровой, диапазон измерений 25-50мм, цена деления 0,001мм МКЦ 25-50 ГОСТ 6507-90;Микрометр гладкий цифровой, диапазон измерений 25-50мм, цена деления 0,001мм МКЦ 25-50 ГОСТ 6507-90;ЗЕЛЁНЫЙ;False;False;;Микрометр гладкий цифровой, диапазон измерений 25-50мм, цена деления 0,001мм МКЦ 25-50 ГОСТ 6507-90
-462097;"Общество с ограниченной ответственностью ""Театрально-техническая корпорация"" (ООО ""ТТК""), Россия, Санкт-Петербург, ИНН 7801633738, КПП 780101001, info@ttc.spb.ru";Шефмонтажные работы. Вывеска из объемных букв с подсветкой, крепление на фасад, цветовая температура 4000К, с возможностью диммирования DALI, источник напряжения с гальванической развязкой для светодиодных изделий напряжением 230В/24В входит в комплект поставки. Комплектация по обосновывающему документу 4819.001.Р.0/0.0004.СОК.005.4301.001-ЭО2.ОЛ2 (изм.2) инв.№032382/0004;Шефмонтажные работы. Вывеска из объемных букв с подсветкой, крепление на фасад, цветовая температура 4000К, с возможностью диммирования DALI, источник напряжения с гальванической развязкой для светодиодных изделий напряжением 230В/24В входит в комплект поставки. Комплектация по обосновывающему документу 4819.001.Р.0/0.0004.СОК.005.4301.001-ЭО2.ОЛ2 (изм.2) инв.№032382/0004;ЗЕЛЁНЫЙ;False;False;;Шефмонтажные работы. Вывеска из объемных букв с подсветкой, крепление на фасад, цветовая температура 4000К, с возможностью диммирования DALI, источник напряжения с гальванической развязкой для светодиодных изделий напряжением 230В/24В входит в комплект поставки. Комплектация по обосновывающему документу 4819.001.Р.0/0.0004.СОК.005.4301.001-ЭО2.ОЛ2 (изм.2) инв.№032382/0004
262436;"ООО ""Самсон Контролс"", Россия, Москва, ИНН 7709262190, КПП 770901001, samson@samson.ru";Клапан регулирующий фланцевый с электроприводом DN 300 PN 4,0 МПа ТУ 28.14.11-020-18646837-2019 комплектация по обосновывающему документу 3182.054.П.0/0.0004.147.001.0505.100-ТХ.ОЛ10-1;Клапан регулирующий фланцевый с электроприводом DN 300 PN 4,0 МПа комплектация по обосновывающему документу 3182.054.П.0/0.0004.147.001.0505.100-ТХ.ОЛ10-1;ЗЕЛЁНЫЙ;False;False;;Клапан регулирующий фланцевый с электроприводом DN 300 PN 4,0 МПа комплектация по обосновывающему документу 3182.054.П.0/0.0004.147.001.0505.100-ТХ.ОЛ10-1
191542;"ГК ""Конструктив"", Россия, Санкт-Петербург, ИНН 7819026727, КПП 781901001, info@constructive.ru";Бокс под плинты 19” RP 118;Бокс под плинты 19” RP 118;ЗЕЛЁНЫЙ;False;False;;Бокс под плинты 19” RP 118
141796;"ООО ""ТехОптТорг"", Россия, г. Екатеринбург, ИНН 6664071232, КПП 667901001, lab@totural.ru";Анеморумбограф, диапазон измерения мгновенной скорости ветра, м/с: 1,5...60, средней скорости ветра, м/с: 1,2...40, максимальной скорости ветра, м/с: 3...60, направления ветра: 0...360о, потребляемая мощность, кВт: 0,03, напряжения питания, В: 220, источник постоянного тока 12 В, габаритные размеры датчика ветра, мм: 690х290х635, пульта, мм: 260х210х140, блока питания, мм: 200х210х140 М63МР;Анеморумбограф, диапазон измерения мгновенной скорости ветра, м/с: 1,5...60, средней скорости ветра, м/с: 1,2...40, максимальной скорости ветра, м/с: 3...60, направления ветра: 0...360о, потребляемая мощность, кВт: 0,03, напряжения питания, В: 220, источник постоянного тока 12 В, габаритные размеры датчика ветра, мм: 690х290х635, пульта, мм: 260х210х140, блока питания, мм: 200х210х140 М63МР;ЗЕЛЁНЫЙ;False;False;;Анеморумбограф, диапазон измерения мгновенной скорости ветра, м/с: 1,5...60, средней скорости ветра, м/с: 1,2...40, максимальной скорости ветра, м/с: 3...60, направления ветра: 0...360о, потребляемая мощность, кВт: 0,03, напряжения питания, В: 220, источник постоянного тока 12 В, габаритные размеры датчика ветра, мм: 690х290х635, пульта, мм: 260х210х140, блока питания, мм: 200х210х140 М63МР
215203;"000 ""КП Крокус"", Россия, г. Иркутск, ИНН 3810326528, КПП 381001001, krokusirk@mail.ru";Азот газообразный, 40 л ГОСТ 9293-74;Азот газообразный, 40 л ГОСТ 9293-74;ЗЕЛЁНЫЙ;False;False;;Азот газообразный, 40 л ГОСТ 9293-74
247030;"ООО ""МЕДПЛАНТ"", Россия, Москва, ИНН 7718156134, КПП 772301001, medplant@medplant.ru";"Укладка для оказания первой помощи при чрезвычайных ситуациях и стихийных бедствиях УППЧС-01-""Медплант"" в укладке УМСП-01-П/3 УППчс-01; Арт. 410";Укладка для оказания первой помощи при чрезвычайных ситуациях и стихийных бедствиях УППЧС-01- в укладке УМСП-01-П/3 УППчс-01;ЗЕЛЁНЫЙ;False;False;;"Укладка для оказания первой помощи при чрезвычайных ситуациях и стихийных бедствиях УППЧС-01-""Медплант"" в укладке УМСП-01-П/3 УППчс-01"
360689;"ООО ""ДИМАКС"", ИНН 7731321436";Скамья со спинкой, с регулируемой опорой. Габариты, мм-1500х350х870. Арт: T314 СТ-5П ГОСТ 16371-2014;Скамья со спинкой, с регулируемой опорой. Габариты, мм-1500х350х870. СТ-5П ГОСТ 16371-2014;ЗЕЛЁНЫЙ;False;False;;Скамья со спинкой, с регулируемой опорой. Габариты, мм-1500х350х870. СТ-5П ГОСТ 16371-2014
434620;"ООО ""СК ДИЗАЙН РИТЕЙЛ"", Россия, Санкт-Петербург, ИНН 7811735200, КПП 780601001, info@skdesign.ru";Диван-кровать дизайнерский 3-местный Bari, шагающая еврокнижка, габаритные размеры, мм: 2120х980х880 арт.BAR-EKL-2L/190-BEI ТУ 31.09.12-004-31678747-2023;Диван-кровать дизайнерский 3-местный Bari, шагающая еврокнижка, габаритные размеры, мм: 2120х980х880;ЗЕЛЁНЫЙ;False;False;;Диван-кровать дизайнерский 3-местный Bari, шагающая еврокнижка, габаритные размеры, мм: 2120х980х880
162861;"ООО ""ГП СПЕЦОБОРОНА"", ИНН 7804606556";Установка cдвоенная фильтра ячейкового типа ФЯРБ производительностью 1500 м3/ч ТУ 4863-005-72424303-2016;Установка cдвоенная фильтра ячейкового типа ФЯРБ производительностью 1500 м3/ч;ЗЕЛЁНЫЙ;False;False;;Установка cдвоенная фильтра ячейкового типа ФЯРБ производительностью 1500 м3/ч
256263;"ООО ""АвтоКАМ"", Россия, г. Долгопрудный, ИНН 5008033078, КПП 500801001, avterehov@mail.ru";Автоцистерна. Исполнение ХЛ по ГОСТ 15150-69. Колесная формула - 6х6. Двигатель-КАМАЗ-740.31-260 (ЕВРО 2). Номинальная вместимость цистерны, л - 11200. С насосом и счетчиком жидкости для контроля количества выданного топлива. Габариты, мм - 8510х2500х3740. Комплектация - базовая НЕФАЗ 66062-0000213-10 на шасси КАМАЗ-43118-10 Комплектация по обосновывающему документу 0092.020.013.Р4.0004.653.0000.3210.008-ТХВ.ОЛ20 (изм.4) инв.№10100891;Автоцистерна. Исполнение ХЛ по ГОСТ 15150-69. Колесная формула - 6х6. Двигатель- (ЕВРО 2). Номинальная вместимость цистерны, л - 11200. С насосом и счетчиком жидкости для контроля количества выданного топлива. Габариты, мм - 8510х2500х3740. Комплектация - базовая НЕФАЗ 66062-0000213-10 на шасси Комплектация по обосновывающему документу 0092.020.013.Р4.0004.653.0000.3210.008-ТХВ.ОЛ20 (изм.4) инв.№10100891;ЗЕЛЁНЫЙ;False;False;;Автоцистерна. Исполнение ХЛ по ГОСТ 15150-69. Колесная формула - 6х6. Двигатель-КАМАЗ-740.31-260 (ЕВРО 2). Номинальная вместимость цистерны, л - 11200. С насосом и счетчиком жидкости для контроля количества выданного топлива. Габариты, мм - 8510х2500х3740. Комплектация - базовая НЕФАЗ 66062-0000213-10 на шасси КАМАЗ-43118-10 Комплектация по обосновывающему документу 0092.020.013.Р4.0004.653.0000.3210.008-ТХВ.ОЛ20 (изм.4) инв.№10100891
148416;"ООО ""Теплоизоляция Пермь"", Россия, г. Пермь, ИНН 5906109246, КПП 590301001, info@aeroflex-russia.ru";Анализатор радиосвязи Service Monitor 2945B;Анализатор радиосвязи Service Monitor 2945B;ЗЕЛЁНЫЙ;False;False;;Анализатор радиосвязи Service Monitor 2945B
83286;"ОАО ""АлМет"", Россия, г.Ульяновск";Антенна спутниковая осесимметричная приёмная с температурным диапазоном эксплуатации антенного поста от минус 50°С до плюс 60°С SUPRAL СТВ-2,0-1.1 АУМ;Антенна спутниковая осесимметричная приёмная с температурным диапазоном эксплуатации антенного поста от минус 50°С до плюс 60°С SUPRAL СТВ-2,0-1.1 АУМ;ЖЁЛТЫЙ;False;False;;Антенна спутниковая осесимметричная приёмная с температурным диапазоном эксплуатации антенного поста от минус 50°С до плюс 60°С SUPRAL СТВ-2,0-1.1 АУМ
191579;Компания Canon, Россия, Москва;Принтер Canon iPF770 Широкоформатный принтер Canon iPF770;Принтер Canon iPF770 Широкоформатный принтер Canon iPF770;ЖЁЛТЫЙ;False;False;;Принтер Canon iPF770 Широкоформатный принтер Canon iPF770
214330;"ЗАО  ""АлтайСпецИзделия"", Россия, г.Барнаул, Россия, г.Барнаул";Станция насосная блочная. Габариты, мм - 6000х3000х3000 БНС-1Н-80 ТУ 3631-001-81017117-2008 Комплектация по обосновывающему документу 4650.00.П.02.УКПГ.000.331.ТХВ.ОЛ3;Станция насосная блочная. Габариты, мм - 6000х3000х3000 БНС-1Н-80 Комплектация по обосновывающему документу 4650.00.П.02.УКПГ.000.331.ТХВ.ОЛ3;ЗЕЛЁНЫЙ;False;False;;Станция насосная блочная. Габариты, мм - 6000х3000х3000 БНС-1Н-80 Комплектация по обосновывающему документу 4650.00.П.02.УКПГ.000.331.ТХВ.ОЛ3
343816;"ООО НПЦ ""Кропус"", ИНН 5031052390";Видеоэндоскоп K-expert8-15000-4 с диаметром рабочей части 8 мм, длиной рабочей части 15000 мм в кейсе ТУ 4276-061-33044610-17;Видеоэндоскоп K-expert8-15000-4 с диаметром рабочей части 8 мм, длиной рабочей части 15000 мм в кейсе;ЗЕЛЁНЫЙ;False;False;;Видеоэндоскоп K-expert8-15000-4 с диаметром рабочей части 8 мм, длиной рабочей части 15000 мм в кейсе
263554;"ООО ""НПО СОВИТЭК"", Россия, Москва, ИНН 7726760974, КПП 772401001, info@sovitek.ru";Заглушка наружная для труб ССД-Пайп 110 мм 110611-00033;Заглушка наружная для труб ССД-Пайп 110 мм 110611-00033;ЗЕЛЁНЫЙ;False;False;;Заглушка наружная для труб ССД-Пайп 110 мм 110611-00033
275482;"ООО НПП ""РОСГЕОКапитал-ГРУПП"", ИНН 3702642244";Геотекстиль иглопробивной ГеоСТЭК И-ПЭ-250(5х25) ТУ 8397-025-89632342-2013;Геотекстиль иглопробивной ГеоСТЭК И-ПЭ-250(5х25);ЗЕЛЁНЫЙ;False;False;;Геотекстиль иглопробивной ГеоСТЭК И-ПЭ-250(5х25)
141844;"ПАО ""Стеклоприбор"", Россия, Москва";Колба Кьельдаля 1-50-14/23 ГОСТ 25336-82*;Колба Кьельдаля 1-50-14/23 ГОСТ 25336-82*;ЖЁЛТЫЙ;False;False;;Колба Кьельдаля 1-50-14/23 ГОСТ 25336-82*
439322;"ООО ЛМЗ ""РОСТЛЮК"", ИНН 6168105935";Дождеприемник магистральный ДМ2 (С250)-6-37х78 ГОСТ 3634-2019;Дождеприемник магистральный ДМ2 (С250)-6-37х78 ГОСТ 3634-2019;ЗЕЛЁНЫЙ;False;False;;Дождеприемник магистральный ДМ2 (С250)-6-37х78 ГОСТ 3634-2019
105233;"ООО ""НЕД"", Россия, Москва";Установка приточная с комплектом автоматики VR 50-30/25.4Е Комплектация по обосновывающему документу 4551РД7.00.Р.01.ПБ.000.75.ОВ.Н1 инв.№787376;Установка приточная с комплектом автоматики VR 50-30/25.4Е Комплектация по обосновывающему документу 4551РД7.00.Р.01.ПБ.000.75.ОВ.Н1 инв.№787376;ЖЁЛТЫЙ;False;False;;Установка приточная с комплектом автоматики VR 50-30/25.4Е Комплектация по обосновывающему документу 4551РД7.00.Р.01.ПБ.000.75.ОВ.Н1 инв.№787376
247935;"ООО ДО ""ХРС"" , ИНН 0278921131";Стандарт-титр калий перманганат 0,1Н ТУ 2642-001-33813273-97;Стандарт-титр калий перманганат 0,1Н;ЗЕЛЁНЫЙ;False;False;;Стандарт-титр калий перманганат 0,1Н
375149;"ООО ""АСТРОНОРД"", ИНН 7804687234";Кабель данных RS-232, L=5.0 м DB9m-DB9f-5.0;Кабель данных RS-232, L=5.0 м DB9m-DB9f-5.0;ЗЕЛЁНЫЙ;False;False;;Кабель данных RS-232, L=5.0 м DB9m-DB9f-5.0
70833;"ОАО ""Протон"" , Россия, г.Орел";Светильник полупроводниковый, в комплекте со светодиодной лампой мощностью 9 вт, степень защиты IP54, климатическое исполнение У2 Бонус-11(ССО-А-220-022 Н У2) ТУ 3461-005-41677105-09;Светильник полупроводниковый, в комплекте со светодиодной лампой мощностью 9 вт, степень защиты IP54, климатическое исполнение У2 Бонус-11(ССО-А-220-022 Н У2);ЖЁЛТЫЙ;False;False;;Светильник полупроводниковый, в комплекте со светодиодной лампой мощностью 9 вт, степень защиты IP54, климатическое исполнение У2 Бонус-11(ССО-А-220-022 Н У2)
269320;"ООО ""Дастин"", Россия, г. Томск";Ламинатор пакетный, система нагрева: внутренний нагрев, толщина ламинирования, мм: 2, температура нагрева, оС: 180, потребляемая мощность, кВт: 0,42, габаритные размеры, мм: 240х540х105 FGK PDA3-330CN;Ламинатор пакетный, система нагрева: внутренний нагрев, толщина ламинирования, мм: 2, температура нагрева, оС: 180, потребляемая мощность, кВт: 0,42, габаритные размеры, мм: 240х540х105 FGK PDA3-330CN;ЖЁЛТЫЙ;False;False;;Ламинатор пакетный, система нагрева: внутренний нагрев, толщина ламинирования, мм: 2, температура нагрева, оС: 180, потребляемая мощность, кВт: 0,42, габаритные размеры, мм: 240х540х105 FGK PDA3-330CN
207586;"ООО ""ДорХан - Торговый Дом""";Ворота подъемно-секционные промышленные для работы во взрывоопасных зонах, размер 3000х3000 мм, стандартный подъем, цвет снаружи RAL 7004 серый, цвет изнутри RAL 9003 белый, ручной и электрический привод, тип поверхности stucco, количество циклов открывания/закрывания 25000, коэффициент теплопроводности 0,38 Вт/(м2 грС), звукоизоляция 24дБ, ветровая нагрузка 5 класс (200 км/ч) DoorHan ISD01Е ТУ 28.12.10.112-001-58988507-2017;Ворота подъемно-секционные промышленные для работы во взрывоопасных зонах, размер 3000х3000 мм, стандартный подъем, цвет снаружи RAL 7004 серый, цвет изнутри RAL 9003 белый, ручной и электрический привод, тип поверхности stucco, количество циклов открывания/закрывания 25000, коэффициент теплопроводности 0,38 Вт/(м2 грС), звукоизоляция 24дБ, ветровая нагрузка 5 класс (200 км/ч) DoorHan ISD01Е;ЗЕЛЁНЫЙ;False;False;;Ворота подъемно-секционные промышленные для работы во взрывоопасных зонах, размер 3000х3000 мм, стандартный подъем, цвет снаружи RAL 7004 серый, цвет изнутри RAL 9003 белый, ручной и электрический привод, тип поверхности stucco, количество циклов открывания/закрывания 25000, коэффициент теплопроводности 0,38 Вт/(м2 грС), звукоизоляция 24дБ, ветровая нагрузка 5 класс (200 км/ч) DoorHan ISD01Е
223780;"ООО ""Производственная Корпорация Титан"", Россия, г.Лобня, ИНН 7705632040, КПП 770501001, info@pktitan.ru";Зонт вытяжной пристенный с лабиринтным жироуловителем ЗПВ-0,8х0,65;Зонт вытяжной пристенный с лабиринтным жироуловителем ЗПВ-0,8х0,65;ЗЕЛЁНЫЙ;False;False;;Зонт вытяжной пристенный с лабиринтным жироуловителем ЗПВ-0,8х0,65
370764;"ООО ""Торгово-промышленный дом Паритет"", Россия, г.Подольск, ИНН 5074008028, КПП 503601001, zakaz@paritet.su";Кабель для структурированных систем связи 4х2х0,52 ParLan U/UTP Cat5e ZH нг(А)-FRHF ТУ 3574-030-39793330-2016;Кабель для структурированных систем связи 4х2х0,52 ParLan U/UTP Cat5e ZH нг(А)-FRHF;ЗЕЛЁНЫЙ;False;False;;Кабель для структурированных систем связи 4х2х0,52 ParLan U/UTP Cat5e ZH нг(А)-FRHF
217955;"ООО ""Ферропласт Медикал"", Россия, г.Ярославль, ИНН 7603020472, КПП 762101001, ferroplast@mail.ru";Камера бактерицидная. Напряжение, В-220. Мощность, ВА-40. Габариты,мм - 600х350х350 КБ-03-Я-ФП ТУ 9452-003-55307168-2004;Камера бактерицидная. Напряжение, В-220. Мощность, ВА-40. Габариты,мм - 600х350х350 КБ-03-Я-ФП;ЗЕЛЁНЫЙ;False;False;;Камера бактерицидная. Напряжение, В-220. Мощность, ВА-40. Габариты,мм - 600х350х350 КБ-03-Я-ФП
234171;"ООО ""ТехСервисСнаб"", Россия, Москва, ИНН 774380015, КПП 771301001, tss-avto@mail.ru";Комплект приборов и инструмента начальника КТП. Габариты, мм- 850х470х1055 КИН-2;Комплект приборов и инструмента начальника КТП. Габариты, мм- 850х470х1055 КИН-2;ЗЕЛЁНЫЙ;False;False;;Комплект приборов и инструмента начальника КТП. Габариты, мм- 850х470х1055 КИН-2
218792;"ООО ""НПК ""ЛакоКрасПокрытие"", ИНН 7604272754";Паста теплопроводящая кремнийорганическая КПТ-8 ГОСТ 19783-74;Паста теплопроводящая кремнийорганическая КПТ-8 ГОСТ 19783-74;ЗЕЛЁНЫЙ;False;False;;Паста теплопроводящая кремнийорганическая КПТ-8 ГОСТ 19783-74
183118;"ООО ""Нефтегазимпекс"", Россия, Москва";Устройство коррозионного мониторинга УКМ-Л-2,4-Б-НГИ НФГА.424248.004 ТУ 3435-001-18213558-2014 Устройство коррозионного мониторинга УКМ-Л-2,4-Б-НГИ. Комплектация по обосновывающему документу 11.064.1-09.01-062.01-ЭЗ1-0Л1 (изм.1) инв.№881656;Устройство коррозионного мониторинга УКМ-Л-2,4-Б-НГИ НФГА.424248.004 Устройство коррозионного мониторинга УКМ-Л-2,4-Б-НГИ. Комплектация по обосновывающему документу 11.064.1-09.01-062.01-ЭЗ1-0Л1 (изм.1) инв.№881656;ЖЁЛТЫЙ;False;False;;Устройство коррозионного мониторинга УКМ-Л-2,4-Б-НГИ НФГА.424248.004 коррозионного мониторинга УКМ-Л-2,4-Б-НГИ. Комплектация по обосновывающему документу 11.064.1-09.01-062.01-ЭЗ1-0Л1 (изм.1) инв.№881656
309764;"ООО ""Нефтегазовая Промышленная Арматура"", Россия, Москва";Блок камеры запуска-приема Ду 500 Pу 24,0 МПа, с затвором быстродействующим байонетного типа. КБ-ЗП-Г-500-24,0-С-П-УХЛ1 ТУ 3683-003-86534248-2012 комплектация по обосновывающему документу 4646РД/БТК.00.Р.02.УКПГ.000.429.ТХ.ОЛ1 (изм.4) инв.№10145208;Блок камеры запуска-приема Ду 500 Pу 24,0 МПа, с затвором быстродействующим байонетного типа. КБ-ЗП-Г-500-24,0-С-П-УХЛ1 комплектация по обосновывающему документу 4646РД/БТК.00.Р.02.УКПГ.000.429.ТХ.ОЛ1 (изм.4) инв.№10145208;ЗЕЛЁНЫЙ;False;False;;Блок камеры запуска-приема Ду 500 Pу 24,0 МПа, с затвором быстродействующим байонетного типа. КБ-ЗП-Г-500-24,0-С-П-УХЛ1 комплектация по обосновывающему документу 4646РД/БТК.00.Р.02.УКПГ.000.429.ТХ.ОЛ1 (изм.4) инв.№10145208
462750;"ООО ""ПЕНОПЛЭКС СПб"", Россия, Санкт-Петербург, ИНН 7825133660, КПП 783450001, penoplex@penoplex.ru";Сегмент теплоизоляционный на трубопровод диаметром 820 мм ПЕНОПЛЭКС 45 С-2400.830.50 ТУ 5767-003-54349294-2013;Сегмент теплоизоляционный на трубопровод диаметром 820 мм 45 С-2400.830.50;ЗЕЛЁНЫЙ;False;False;;Сегмент теплоизоляционный на трубопровод диаметром 820 мм ПЕНОПЛЭКС 45 С-2400.830.50
170707;"ООО ""Завод МетаКон"", Россия, Ярославская область, г. Рыбинск";Шкаф инструментальный. Габариты, мм-1900 x 950 x 500 СШИ-02.10.06 ГОСТ 16371-2014;Шкаф инструментальный. Габариты, мм-1900 x 950 x 500 СШИ-02.10.06 ГОСТ 16371-2014;ЗЕЛЁНЫЙ;False;False;;Шкаф инструментальный. Габариты, мм-1900 x 950 x 500 СШИ-02.10.06 ГОСТ 16371-2014
248640;"ООО ""Атташе трейд"", Россия, Москва, ИНН 7707407611, КПП 770701001, attache-info@mail.ru";Стенд информационный Attache на 8 карманов. Габариты, мм - 780х990х5 арт. 138717.;Стенд информационный Attache на 8 карманов. Габариты, мм - 780х990х5;ЗЕЛЁНЫЙ;False;False;;Стенд информационный Attache на 8 карманов. Габариты, мм - 780х990х5
66038;"АО ""Первоуральский новотрубный завод"", Россия, г. Первоуральск";Труба 12х1 ГОСТ 8734-75/В 09Г2С ГОСТ 8733-74;Труба 12х1 ГОСТ 8734-75/В 09Г2С ГОСТ 8733-74;ЗЕЛЁНЫЙ;False;False;;Труба 12х1 ГОСТ 8734-75/В 09Г2С ГОСТ 8733-74
23782;"ПАО ""Челябинский трубопрокатный завод"", Россия, г.Челябинск, ИНН 7449006730, КПП 997450001, info@chelpipe.ru";Труба 89х4 ГОСТ 8732-78/В 10 ГОСТ 8731-74;Труба 89х4 ГОСТ 8732-78/В 10 ГОСТ 8731-74;ЗЕЛЁНЫЙ;False;False;;Труба 89х4 ГОСТ 8732-78/В 10 ГОСТ 8731-74
270528;"Группа Компаний ""СаратовПрибор"", Россия, г.Саратов, ИНН 6453104873, КПП 645301001, sale-radar@mail.ru";"Плакат указательный ""ЗАЗЕМЛЕНО"", размеры 100х50 СО 153-34.03.603-2003";"Плакат указательный ""ЗАЗЕМЛЕНО"", размеры 100х50 СО 153-34.03.603-2003";ЗЕЛЁНЫЙ;False;False;;"Плакат указательный ""ЗАЗЕМЛЕНО"", размеры 100х50 СО 153-34.03.603-2003"
148135;"АО""ТЕКСКОР"", ИНН 3435991384";Геосетка ГСП (П) 50/50-20 (500) ТУ 8397-100-53578992-2012;Геосетка ГСП (П) 50/50-20 (500);ЗЕЛЁНЫЙ;False;False;;Геосетка ГСП (П) 50/50-20 (500)
275083;"ООО ""НПО ""ПРИБОР"" ГАНК"", Россия, г. Москва";Газоанализатор автоматический переносной. Комплектация по обосновывающему документу ГАНК-4 (А) КПГУ 413322002 ТУ 4505.00.Р.01.ВЖК-ПБ.3.155.ХЛ.ОЛ11 (изм.1) инв.№10127424;Газоанализатор автоматический переносной. Комплектация по обосновывающему документу (А) КПГУ 413322002 4505.00.Р.01.ВЖК-ПБ.3.155.ХЛ.ОЛ11 (изм.1) инв.№10127424;ЗЕЛЁНЫЙ;False;False;;Газоанализатор автоматический переносной. Комплектация по обосновывающему документу ГАНК-4 (А) КПГУ 413322002 инв.№10127424
65386;"ОАО ""Камкабель"", г.Пермь, ИНН 5904184047, КПП 590150001, kamkabel@kamkabel.ru";Кабель 27х1,0 КППГнг(А)-FRHF ТУ 16.К71-339-2004;Кабель 27х1,0 КППГнг(А)-FRHF;ЗЕЛЁНЫЙ;False;False;;Кабель 27х1,0 КППГнг(А)-FRHF
218235;"ООО ПНФ ""ЛГ автоматика"" , Россия, Москва";Клапан регулирующий пружинный DN50 PN10 МПа Kvy0,4 м3/ч в комплекте с ответными фланцами и крепежом КМР-ЛГ-РД пп 501 С 25 0,4 УХЛ (3,68/3,3) ТУ 3712-012-17839959-05 Комплектация по обосновывающему документу 4505.00.Р.01.УКПГ-ГП.000.128.АЗП.ОЛ5 инв.№10019726;Клапан регулирующий пружинный DN50 PN10 МПа Kvy0,4 м3/ч в комплекте с ответными фланцами и крепежом пп 501 С 25 0,4 УХЛ (3,68/3,3) Комплектация по обосновывающему документу 4505.00.Р.01.УКПГ-ГП.000.128.АЗП.ОЛ5 инв.№10019726;ЗЕЛЁНЫЙ;False;False;;Клапан регулирующий пружинный DN50 PN10 МПа Kvy0,4 м3/ч в комплекте с ответными фланцами и крепежом КМР-ЛГ-РД пп 501 С 25 0,4 УХЛ (3,68/3,3) Комплектация по обосновывающему документу 4505.00.Р.01.УКПГ-ГП.000.128.АЗП.ОЛ5 инв.№10019726
166962;"ТГП ""ТЕХЭЛЕКТРО"", Россия, Москва";Трубки термоусадочные с коэффициентом усадки 2:1 ТУТ (ж/з)нг 8/4 ТУ 2247-002-59861269-2006;Трубки термоусадочные с коэффициентом усадки 2:1 ТУТ (ж/з)нг 8/4;ЖЁЛТЫЙ;False;False;;Трубки термоусадочные с коэффициентом усадки 2:1 ТУТ (ж/з)нг 8/4
124339;"ООО ""Компания ""АЛЬФА-КОМ"", Россия, Москва, ИНН 7719558453, КПП 771901001, alpha@alpha-company.ru";Плата внутренних линий 16 портовая SLC16 KX-TDA0174;Плата внутренних линий 16 портовая SLC16 KX-TDA0174;ЗЕЛЁНЫЙ;False;False;;Плата внутренних линий 16 портовая SLC16 KX-TDA0174
306152;"ООО ""АРТАКОМ"", Россия, Москва, ИНН 7736680090, КПП 770301001, sales@artakom.ru";Резистор постоянный непроволочный тонкопленочный общего применения С2-33Н-0,5 АИ 4,7 кОм±1,0%-А ОЖО.467.173 ТУ;Резистор постоянный непроволочный тонкопленочный общего применения С2-33Н-0,5 АИ 4,7 кОм±1,0%-А ОЖО.467.173;ЗЕЛЁНЫЙ;False;False;;Резистор постоянный непроволочный тонкопленочный общего применения С2-33Н-0,5 АИ 4,7 кОм±1,0%-А ОЖО.467.173
379040;"ООО ""НетАП"", Россия, Москва";Приставка абонентская NetUP Android TV box ТУ 6574-7013-37287924-2022;Приставка абонентская NetUP Android TV box;ЖЁЛТЫЙ;False;False;;Приставка абонентская NetUP Android TV box
70349;"ЗАО фирма ""ПРОКОНСИМ"", ИНН 7730041771";"Воздухоотводчик автоматический, латунный, с резьбовым присоединением 1/2"" Артикул 173913050";"Воздухоотводчик автоматический, латунный, с резьбовым присоединением 1/2""";ЗЕЛЁНЫЙ;False;False;;"Воздухоотводчик автоматический, латунный, с резьбовым присоединением 1/2"""
525836;"ООО ""НЕФТЕХ"", ИНН 7202019783";Соединение быстроразъемное DN 50 РN 1,6 МПа, климатического исполнения У1, для присоединения к трубопроводу 57х4 мм, сталь привариваемых концов 09Г2С БРС 2-48/58 ТУ 3666-016-32729091-04;Соединение быстроразъемное DN 50 РN 1,6 МПа, климатического исполнения У1, для присоединения к трубопроводу 57х4 мм, сталь привариваемых концов 09Г2С БРС 2-48/58;ЗЕЛЁНЫЙ;False;False;;Соединение быстроразъемное DN 50 РN 1,6 МПа, климатического исполнения У1, для присоединения к трубопроводу 57х4 мм, сталь привариваемых концов 09Г2С БРС 2-48/58
71283;"ООО ""ЛТК ""Свободный сокол""";Труба раструбная ЧШГВ-150х6000 ТУ 1461-063-50254094-2004;Труба раструбная ЧШГВ-150х6000;ЗЕЛЁНЫЙ;False;False;;Труба раструбная ЧШГВ-150х6000
285382;"ООО ""Веста"", ИНН 5402185047";Стол под мойку. Габаритные размеры, мм 600х850х600 Алеся ГОСТ 16371-2014;Стол под мойку. Габаритные размеры, мм 600х850х600 Алеся ГОСТ 16371-2014;ЗЕЛЁНЫЙ;False;False;;Стол под мойку. Габаритные размеры, мм 600х850х600 Алеся ГОСТ 16371-2014
168218;"ООО ""Здравторг"", Россия, Санкт-Петербург";Мини-штатив для дозаторов (на 3 шт.) МШ;Мини-штатив для дозаторов (на 3 шт.) МШ;ЗЕЛЁНЫЙ;False;False;;Мини-штатив для дозаторов (на 3 шт.) МШ
204952;"ООО ""Автоматические пожарные системы""";Блок-бокс хранения пенообразователя в комплекте с пенообразователем Пайроком AFFF/AR 3% в количестве 10 м3. Артикул 000.130 комплектация по обосновывающему документу 0092.020.004.П6.0004.149.0003.2314.049-ВК.ОЛ;Блок-бокс хранения пенообразователя в комплекте с пенообразователем Пайроком AFFF/AR 3% в количестве 10 м3. комплектация по обосновывающему документу 0092.020.004.П6.0004.149.0003.2314.049-ВК.ОЛ;ЗЕЛЁНЫЙ;False;False;;Блок-бокс хранения пенообразователя в комплекте с пенообразователем Пайроком AFFF/AR 3% в количестве 10 м3. комплектация по обосновывающему документу 0092.020.004.П6.0004.149.0003.2314.049-ВК.ОЛ
39326;"ОАО  ""Борская войлочная фабрика"" , Россия, г.Бор, ИНН 5246014115, КПП 524601001, sales@borvf.ru";Войлок технический грубошерстный для изоляции ГИ 20 толщина 20мм ГОСТ 6418-81;Войлок технический грубошерстный для изоляции ГИ 20 толщина 20мм ГОСТ 6418-81;ЗЕЛЁНЫЙ;False;False;;Войлок технический грубошерстный для изоляции ГИ 20 толщина 20мм ГОСТ 6418-81
133583;"АО ""ДКС"", ИНН 6905062011";Короб с крышкой с направляющими для установки разделителей TA-GN 80x40 ТУ 3449-009-47022248-2010;Короб с крышкой с направляющими для установки разделителей TA-GN 80x40;ЗЕЛЁНЫЙ;False;False;;Короб с крышкой с направляющими для установки разделителей TA-GN 80x40
261926;"ООО Фирма ""Саратовгазприборавтоматика"" , Россия, г.Саратов, ИНН 6454001567, КПП 645401001, sgpa@sgpa.ru";Клапан-отсекатель фланцевый АЯД 2.505.193-01 в комплекте с ответными фланцами DN 100 PN 16 МПа,климатическое исполнение ХЛ1 ТУ 3742-024- 00158824-99 комплектация по обосновывающему документу 0015.003.Р.1/2.0004.Скг.309.0000.000-ТХ.ОЛ1 инв.№10113398;Клапан-отсекатель фланцевый АЯД 2.505.193-01 в комплекте с ответными фланцами DN 100 PN 16 МПа,климатическое исполнение ХЛ1 00158824-99 комплектация по обосновывающему документу 0015.003.Р.1/2.0004.Скг.309.0000.000-ТХ.ОЛ1 инв.№10113398;ЗЕЛЁНЫЙ;False;False;;Клапан-отсекатель фланцевый АЯД 2.505.193-01 в комплекте с ответными фланцами DN 100 PN 16 МПа,климатическое исполнение ХЛ1 комплектация по обосновывающему документу 0015.003.Р.1/2.0004.Скг.309.0000.000-ТХ.ОЛ1 инв.№10113398
85991;"ООО ""Элита-Мск"", Россия, Москва, ИНН 7719595494, КПП 771901001, msk@elitacompany.ru";Насос дренажный 10 л/ч, максимальная высоста всасывания 2,5 метра, Nmax=18 Вт Sauermann Si 2750;Насос дренажный 10 л/ч, максимальная высоста всасывания 2,5 метра, Nmax=18 Вт Si 2750;ЗЕЛЁНЫЙ;False;False;;Насос дренажный 10 л/ч, максимальная высоста всасывания 2,5 метра, Nmax=18 Вт Sauermann Si 2750
517519;"ООО ""Компания Рэмэкс-Энерго"", ИНН 5031038638";Котельная автоматизированная блочно-модульная РЭМЭКС-22,5/5 в комплекте с водогрейными котлами Теплофор, дымовой трубой и газоходами, установленной мощностью 22,5 Мвт ТУ 3112-011-62358574-2015 Комплектация по обосновывающему документу 0762.015.Р.5/1.0004.ПБ.001.1401.016-ТМ.ТЗ, 0762.015.Р.5/1.0004.ПБ.001.1401.016-ТМ.Н;Котельная автоматизированная блочно-модульная РЭМЭКС-22,5/5 в комплекте с водогрейными котлами Теплофор, дымовой трубой и газоходами, установленной мощностью 22,5 Мвт Комплектация по обосновывающему документу 0762.015.Р.5/1.0004.ПБ.001.1401.016-ТМ.ТЗ, 0762.015.Р.5/1.0004.ПБ.001.1401.016-ТМ.Н;ЗЕЛЁНЫЙ;False;False;;Котельная автоматизированная блочно-модульная РЭМЭКС-22,5/5 в комплекте с водогрейными котлами Теплофор, дымовой трубой и газоходами, установленной мощностью 22,5 Мвт Комплектация по обосновывающему документу 0762.015.Р.5/1.0004.ПБ.001.1401.016-ТМ.ТЗ, 0762.015.Р.5/1.0004.ПБ.001.1401.016-ТМ.Н
202782;"ОАО ""Промприбор"", Россия, г.Ливны, ИНН 5702000191, КПП 570201001, SALES@PROMPIBOR.RU";Система измерительная АСН-12ВГ НОРД Ду 100 (0-ЭМИС) ХЛ2 ТУ 4213-166-05806720-2002 комплектация по обосновывающему документу 0092.020.004.П5.0004.149.0002.0803.017-ТХ.ОЛ2;Система измерительная АСН-12ВГ НОРД Ду 100 (0-ЭМИС) ХЛ2 комплектация по обосновывающему документу 0092.020.004.П5.0004.149.0002.0803.017-ТХ.ОЛ2;ЗЕЛЁНЫЙ;False;False;;Система измерительная АСН-12ВГ НОРД Ду 100 (0-ЭМИС) ХЛ2 комплектация по обосновывающему документу 0092.020.004.П5.0004.149.0002.0803.017-ТХ.ОЛ2
465525;"ОАО ""ЛОМО"", ИНН 7804002321";Микроскоп металлографический с системой визуализации изображения. Габариты, мм – 510х370х470 МЕТАМ ЛВ-41 ТУ 4435-04-07502348-95;Микроскоп металлографический с системой визуализации изображения. Габариты, мм – 510х370х470 МЕТАМ ЛВ-41;ЗЕЛЁНЫЙ;False;False;;Микроскоп металлографический с системой визуализации изображения. Габариты, мм – 510х370х470 МЕТАМ ЛВ-41
72908;"Торгово-промышленная компания  ""ДС"", Россия, п.Румянцево";Шкаф сушильный универсальный для сушки боевой одежды и пожарных рукавов.Напряжение, В-220. Мощность, кВт 1.1. Габариты, мм-780х750х2000 STS 900;Шкаф сушильный универсальный для сушки боевой одежды и пожарных рукавов.Напряжение, В-220. Мощность, кВт 1.1. Габариты, мм-780х750х2000 STS 900;ЖЁЛТЫЙ;False;False;;Шкаф сушильный универсальный для сушки боевой одежды и пожарных рукавов.Напряжение, В-220. Мощность, кВт 1.1. Габариты, мм-780х750х2000 STS 900
59341;"ОАО ""Суксунский оптико-механический завод"", Россия, пгт.Суксун, ИНН 5951000096, КПП 595101001, sales@rosomz.ru";Очки защитные закрытые с прямой вентиляцией РОСОМЗ ЗП8 ЭТАЛОН ГОСТ Р 12.4.230.1-2007;Очки защитные закрытые с прямой вентиляцией РОСОМЗ ЗП8 ЭТАЛОН ГОСТ Р 12.4.230.1-2007;ЗЕЛЁНЫЙ;False;False;;Очки защитные закрытые с прямой вентиляцией РОСОМЗ ЗП8 ЭТАЛОН ГОСТ Р 12.4.230.1-2007
445645;"ООО ""Арктика Групп"", Россия, г. Москва, ИНН 7713418548, КПП 771301001, arktika@arktika.ru; arktika@mail.ru";Решетка наружная с неподвижными жалюзи, белого цвета RAL9016, арт. 25732 АРН 1400х1300 ТУ 4863-049-53261172-2015;Решетка наружная с неподвижными жалюзи, белого цвета RAL9016, АРН 1400х1300;ЗЕЛЁНЫЙ;False;False;;Решетка наружная с неподвижными жалюзи, белого цвета RAL9016, АРН 1400х1300
218588;"ООО ""Производственная Компания РЕЗОЛИТ"", Россия, г. Челябинск, ИНН 7448029693, КПП 744801001, rezolitpk@yandex.ru";Гайковерт ручной пневматический ударный прямой реверсивный. Максимальный момент затяжки,Нм-2000 ИП-3128Т ТУ 4833-005-49105556-2007;Гайковерт ручной пневматический ударный прямой реверсивный. Максимальный момент затяжки,Нм-2000 ИП-3128Т;ЗЕЛЁНЫЙ;False;False;;Гайковерт ручной пневматический ударный прямой реверсивный. Максимальный момент затяжки,Нм-2000
147020;"ООО ""НефтемашСистема"", Россия, г.Саратов, ИНН 6453077203, КПП 645301001, sales@nef-si.ru";Муфта сливная Ду 50 Ру 16кгс/см2 МС-С-50/16 У1 ТУ 3689-009-72549097-2004;Муфта сливная Ду 50 Ру 16кгс/см2 МС-С-50/16 У1;ЗЕЛЁНЫЙ;False;False;;Муфта сливная Ду 50 Ру 16кгс/см2 МС-С-50/16 У1
278960;"ООО ""ЛАН-НЕТВОРКС"", Россия, г. Москва, ИНН 9718168863, КПП 771801001, sales@adp.ru; sales@adp.ru";Патч-панель LANMASTER 24 порта, UTP, кат.6, 1U LAN-PPL24U6;Патч-панель LANMASTER 24 порта, UTP, кат.6, 1U LAN-PPL24U6;ЗЕЛЁНЫЙ;False;False;;Патч-панель LANMASTER 24 порта, UTP, кат.6, 1U LAN-PPL24U6
459233;"ООО ""Шоссейная 40"", Россия, МОСКВА, ИНН 5040140130, КПП 502701001, info@mrdoors.ru";Шкаф полувстроенный, 3410х2800х600 мм, для хранения документов, цвет Венге Комплектация по обосновывающему документу 4819.001.Р.0/0.0004.СОК.005.4301.001-АИ.ОЛ3 (изм.1) инв.№029099/0004;Шкаф полувстроенный, 3410х2800х600 мм, для хранения документов, цвет Венге Комплектация по обосновывающему документу 4819.001.Р.0/0.0004.СОК.005.4301.001-АИ.ОЛ3 (изм.1) инв.№029099/0004;ЗЕЛЁНЫЙ;False;False;;Шкаф полувстроенный, 3410х2800х600 мм, для хранения документов, цвет Венге Комплектация по обосновывающему документу 4819.001.Р.0/0.0004.СОК.005.4301.001-АИ.ОЛ3 (изм.1) инв.№029099/0004
207507;"ЗАО СКБ ""Термоприбор""";"Преобразователь температуры программируемый погружаемый с интеллектуальным HART-измерительным преобразователем Т32.1S, взрывозащищенный с видом взрывозащиты ""искробезопасная электрическая цепь"" по ТР ТС 012/2011 для работы при температуре окружающей среды от минус 60 до плюс 70 °С, со стандартной виброустойчивостью, с выходным токовым сигналом 4-20 мА, для диапазона измеряемых температур от минус 60 до плюс 200 °С, с настроенным диапазоном измеряемых температур от минус 60 до плюс 200 °С, с основной приведенной погрешностью ±0,25%, с защитным корпусом с длиной монтажной части 3150 мм и диаметром 10 мм из нержавеющей стали 12Х18Н10Т, с головкой типа ""Г2"", с подвижным штуцером М20х1,5, с кабельным вводом типа ""К"" с набором уплотнительных колец 13-16 мм, с видом метрологической приемки ТСПУ 031С/XT-W/Exi/С-4/20-(-60/200)-0,25-3150-10-Н-Г2-М20х1,5-1-К(13-16)-П (-60гр.С) РГАЖ 0.282.007 ТУ";"Преобразователь температуры программируемый погружаемый с интеллектуальным HART-измерительным преобразователем Т32.1S, взрывозащищенный с видом взрывозащиты ""искробезопасная электрическая цепь"" по ТР ТС 012/2011 для работы при температуре окружающей среды от минус 60 до плюс 70 °С, со стандартной виброустойчивостью, с выходным токовым сигналом 4-20 мА, для диапазона измеряемых температур от минус 60 до плюс 200 °С, с настроенным диапазоном измеряемых температур от минус 60 до плюс 200 °С, с основной приведенной погрешностью ±0,25%, с защитным корпусом с длиной монтажной части 3150 мм и диаметром 10 мм из нержавеющей стали 12Х18Н10Т, с головкой типа ""Г2"", с подвижным штуцером М20х1,5, с кабельным вводом типа ""К"" с набором уплотнительных колец 13-16 мм, с видом метрологической приемки ТСПУ 031С/XT-W/Exi/С-4/20-(-60/200)-0,25-3150-10-Н-Г2-М20х1,5-1-К(13-16)-П (-60гр.С) РГАЖ 0.282.007";ЗЕЛЁНЫЙ;False;False;;"Преобразователь температуры программируемый погружаемый с интеллектуальным HART-измерительным преобразователем Т32.1S, взрывозащищенный с видом взрывозащиты ""искробезопасная электрическая цепь"" по ТР ТС 012/2011 для работы при температуре окружающей среды от минус 60 до плюс 70 °С, со стандартной виброустойчивостью, с выходным токовым сигналом 4-20 мА, для диапазона измеряемых температур от минус 60 до плюс 200 °С, с настроенным диапазоном измеряемых температур от минус 60 до плюс 200 °С, с основной приведенной погрешностью ±0,25%, с защитным корпусом с длиной монтажной части 3150 мм и диаметром 10 мм из нержавеющей стали 12Х18Н10Т, с головкой типа ""Г2"", с подвижным штуцером М20х1,5, с кабельным вводом типа ""К"" с набором уплотнительных колец 13-16 мм, с видом метрологической приемки ТСПУ 031С/XT-W/Exi/С-4/20-(-60/200)-0,25-3150-10-Н-Г2-М20х1,5-1-К(13-16)-П (-60гр.С) РГАЖ 0.282.007"
436026;"ООО ""Альваро"", Россия, г. Тюмень, ИНН 7203521940, КПП 720301001, info@alvarosan.ru";Раковина накладная из литьевого композита SOLIX SALINI 44 GLORIA 301_solix Артикул: 1102201M;Раковина накладная из литьевого композита SOLIX SALINI 44 GLORIA 301_solix;ЗЕЛЁНЫЙ;False;False;;Раковина накладная из литьевого композита SOLIX SALINI 44 GLORIA 301_solix
335412;"АО ""Завод ""Электропульт"", Россия, Санкт-Петербург";"Подстанция двухтрансформаторная блочно-комплектная; мощность КТП - 2х1000кВА, номинальное напряжение на стороне высокого напряжения - 10кВ, номинальное напряжение на стороне низкого напряжения - 0,4кВ, климатическое исполнение - УХЛ, категория размещения - 1. 2БКТП-1000/10/0,4-УХЛ1, ТУ 3412-029-71439231-2009. Комплектация по обосновывающему документу 0108.152.001.Р.0004.149.0000.4507.238-ЭМ.ОЛ1 (изм.1) инв.№10157664";"Подстанция двухтрансформаторная блочно-комплектная; мощность КТП - 2х1000кВА, номинальное напряжение на стороне высокого напряжения - 10кВ, номинальное напряжение на стороне низкого напряжения - 0,4кВ, климатическое исполнение - УХЛ, категория размещения - 1. 2БКТП-1000/10/0,4-УХЛ1, Комплектация по обосновывающему документу 0108.152.001.Р.0004.149.0000.4507.238-ЭМ.ОЛ1 (изм.1) инв.№10157664";ЗЕЛЁНЫЙ;False;False;;"Подстанция двухтрансформаторная блочно-комплектная; мощность КТП - 2х1000кВА, номинальное напряжение на стороне высокого напряжения - 10кВ, номинальное напряжение на стороне низкого напряжения - 0,4кВ, климатическое исполнение - УХЛ, категория размещения - 1. 2БКТП-1000/10/0,4-УХЛ1, Комплектация по обосновывающему документу 0108.152.001.Р.0004.149.0000.4507.238-ЭМ.ОЛ1 (изм.1) инв.№10157664"
481921;"ОАО ""НИТИ-Тесар"" , ИНН 6455003849";Блок подогрева масла. Производительность, л/мин- до 20. Диапазон нагрева, град.С- от минус 10 до плюс 70. Мощность, кВт-45,37. Габариты, мм-1350х700х1450 БПМ-903 ТУ 27.90-135-07548215-2017;Блок подогрева масла. Производительность, л/мин- до 20. Диапазон нагрева, град.С- от минус 10 до плюс 70. Мощность, кВт-45,37. Габариты, мм-1350х700х1450 БПМ-903;ЗЕЛЁНЫЙ;False;False;;Блок подогрева масла. Производительность, л/мин- до 20. Диапазон нагрева, град.С- от минус 10 до плюс 70. Мощность, кВт-45,37. Габариты, мм-1350х700х1450 БПМ-903
170489;"ООО ""Адьютор"", Россия, Санкт-Петербург";Тонометр механический. ИАД-01-2А ТУ 9441034-31881402-2011;Тонометр механический. ИАД-01-2А;ЗЕЛЁНЫЙ;False;False;;Тонометр механический. ИАД-01-2А
92138;"ООО ТД ""Урал ПАК"", ИНН 5918014278";Металлорукав негерметичный Р3-Ц-Х-32-УХЛ1 ТУ 22-5570-83;Металлорукав негерметичный Р3-Ц-Х-32-УХЛ1;ЗЕЛЁНЫЙ;False;False;;Металлорукав негерметичный Р3-Ц-Х-32-УХЛ1
343518;"ООО НПП ""Зелакс"", Россия, г. Зеленоград, ИНН 7735023078, КПП 773501001, direct@zelax.ru";Сервер консольный (терминальный) предназначен для удалённого управления различными устройствами через интерфейс RS-232 (V.24/V.28). MM-527RC-UNI УВЮА.460501.010 ТУ;Сервер консольный (терминальный) предназначен для удалённого управления различными устройствами через интерфейс RS-232 (V.24/V.28). MM-527RC-UNI;ЗЕЛЁНЫЙ;False;False;;Сервер консольный (терминальный) предназначен для удалённого управления различными устройствами через интерфейс RS-232 (V.24/V.28). MM-527RC-UNI УВЮА.460501.010
55765;"ПАО ""Казаньоргсинтез""";Отвод 90° ПЭ 80 63 SDR13,6 питьевая ТУ 2248-143-00203335-2002;Отвод 90° ПЭ 80 63 SDR13,6 питьевая;ЗЕЛЁНЫЙ;False;False;;Отвод 90° ПЭ 80 63 SDR13,6 питьевая
188652;"ЗАО ""ПрофКИП"", Россия, г.Мытищи, ИНН 5029212906, КПП 502901001";Осциллограф универсальный С1-125 рег. № 1127-87 С1-125 Тг2.044.028 ТУ;Осциллограф универсальный С1-125 рег. № 1127-87 С1-125 Тг2.044.028;ЗЕЛЁНЫЙ;False;False;;Осциллограф универсальный С1-125 рег. № 1127-87 С1-125 Тг2.044.028
44531;"ООО ""Ижора-Автоматика-Сервис"", ИНН 4719024696";Устройство отборное 016-200-ст20-Л(15с54бк) ТУ 4218-008-51216464-01;Устройство отборное 016-200-ст20-Л(15с54бк);ЗЕЛЁНЫЙ;False;False;;Устройство отборное 016-200-ст20-Л(15с54бк)
494613;"ООО ""Спецстрой-связь"", ИНН 6154138088";"Комплект телекоммуникационного оборудования УПАТС ""Протон-ССС"" КЮГН.465235.006ТУ Комплектация по обосновывающему документу 0092.049.Р.13/1.0004.УКПГ.045.3118.201-АТС.ОЛ (изм.1)";"Комплект телекоммуникационного оборудования УПАТС ""Протон-ССС"" Комплектация по обосновывающему документу 0092.049.Р.13/1.0004.УКПГ.045.3118.201-АТС.ОЛ (изм.1)";ЗЕЛЁНЫЙ;False;False;;"Комплект телекоммуникационного оборудования УПАТС ""Протон-ССС"" Комплектация по обосновывающему документу 0092.049.Р.13/1.0004.УКПГ.045.3118.201-АТС.ОЛ (изм.1)"
250411;"ООО ""Промвентиляция-Сервис"", Россия, г.Тула, ИНН 7107040785, КПП 710701001, pv-s@tula.net";Переход 630х630/600х600, L=300мм из стали листовой холоднокатаной оцинкованной S=1,2мм 14918-2020, присоединение фланцевое ТУ 4863-004-12444529-2001;Переход 630х630/600х600, L=300мм из стали листовой холоднокатаной оцинкованной S=1,2мм 14918-2020, присоединение фланцевое;ЗЕЛЁНЫЙ;False;False;;Переход 630х630/600х600, L=300мм из стали листовой холоднокатаной оцинкованной S=1,2мм 14918-2020, присоединение фланцевое
216483;"ОАО ""Ридан"", Россия, г. Нижний Новгород, ИНН 5249071947, КПП 525901001, office@ridan.ru";"Клапан запорный радиаторный прямой Ду=15 мм, латунь Мs58 никелированный, Рраб.=1 МПа, Кvs=2,5 м3/час, штуцерное присоединение, рабочая среда - ""вода промышленная"" Тмакс.=120 С, арт. 003L0144 RLV";"Клапан запорный радиаторный прямой Ду=15 мм, латунь Мs58 никелированный, Рраб.=1 МПа, Кvs=2,5 м3/час, штуцерное присоединение, рабочая среда - ""вода промышленная"" Тмакс.=120 С, RLV";ЗЕЛЁНЫЙ;False;False;;"Клапан запорный радиаторный прямой Ду=15 мм, латунь Мs58 никелированный, Рраб.=1 МПа, Кvs=2,5 м3/час, штуцерное присоединение, рабочая среда - ""вода промышленная"" Тмакс.=120 С, RLV"
446942;"ООО ""Лайн ПРО"", Россия, г. Екатеренбург, ИНН 6671102675, КПП 667101001, 3102420@mail.ru";Светильник подвесной светодиодный, цвет белый, длина 400 мм, высота 100 мм, мощность 25 Вт, световой поток 2370 Лм, цветовая температура 3000К, IP 40, накладной монтаж, с блоком аварийного питания, арт.GN010018 LiNE-Pro ТУ 3461-001-04122562-2020;Светильник подвесной светодиодный, цвет белый, длина 400 мм, высота 100 мм, мощность 25 Вт, световой поток 2370 Лм, цветовая температура 3000К, IP 40, накладной монтаж, с блоком аварийного питания, LiNE-Pro;ЗЕЛЁНЫЙ;False;False;;Светильник подвесной светодиодный, цвет белый, длина 400 мм, высота 100 мм, мощность 25 Вт, световой поток 2370 Лм, цветовая температура 3000К, IP 40, накладной монтаж, с блоком аварийного питания, LiNE-Pro
142101;АО ПЭМИ, ИНН 6165007810;Бирка маркировочная для силовых кабелей свыше 1000В У135 У3,5 ТУ 3449-018-01394633-2015;Бирка маркировочная для силовых кабелей свыше 1000В У135 У3,5;ЗЕЛЁНЫЙ;False;False;;Бирка маркировочная для силовых кабелей свыше 1000В У135 У3,5
153209;"ЗАО ""Инновационная Энергетика"", Россия, Москва";Пункт секционирования автоматический АПС/NOVA-10-12,5/630-УХЛ1 ТУ 3414-001-77336621-2006 Комплектация по обосновывающему документу 4214.2.Р.04.ВЭЛ.000.000.ЭВ3.ОЛ (изм.1) инв.№845824;Пункт секционирования автоматический АПС/NOVA-10-12,5/630-УХЛ1 Комплектация по обосновывающему документу 4214.2.Р.04.ВЭЛ.000.000.ЭВ3.ОЛ (изм.1) инв.№845824;ЖЁЛТЫЙ;False;False;;Пункт секционирования автоматический АПС/NOVA-10-12,5/630-УХЛ1 Комплектация по обосновывающему документу 4214.2.Р.04.ВЭЛ.000.000.ЭВ3.ОЛ (изм.1) инв.№845824
344290;"ООО ""КОНВЕРК"", Россия, Москва, ИНН 7728316066, КПП 772801001, info@konwerk.ru";Мачта осветительная «Восход» МКОМ-2-420 PROKONWERK ТУ 27.40.39-001-51074655-2019;Мачта осветительная «Восход» МКОМ-2-420 PROKONWERK;ЗЕЛЁНЫЙ;False;False;;Мачта осветительная «Восход» МКОМ-2-420 PROKONWERK
57637;"ООО ""ВИРКЭН-РУС"", ИНН 3321017918";Сифон гофрированный VIR с нержавеющей чашкой для душевого поддона (Ф40/50) арт. 321 ТУ 4952-003-54639483-2006;Сифон гофрированный VIR с нержавеющей чашкой для душевого поддона (Ф40/50);ЗЕЛЁНЫЙ;False;False;;Сифон гофрированный VIR с нержавеющей чашкой для душевого поддона (Ф40/50)
31792;"ЗАО ""Росэлектропром Холдинг"", Россия, Санкт-Петербург, ИНН 7806151791, КПП 781101001, reph@reph.ru";Шкаф силовой распределительный ~380В, навесной размером 800(h)х600х200 (N+PE). ПР99 УХЛ3.1 IP54 НКУ.143.137-2005, ТУ 3433-003-71439231-2005;Шкаф силовой распределительный ~380В, навесной размером 800(h)х600х200 (N+PE). ПР99 УХЛ3.1 IP54 НКУ.143.137-2005;ЗЕЛЁНЫЙ;False;False;;Шкаф силовой распределительный ~380В, навесной размером 800(h)х600х200 (N+PE). ПР99 УХЛ3.1 IP54 НКУ.143.137-2005
150960;"ОАО ""НИИ ЛКП с ОМЗ ""Виктория"" , Россия, г.Хотьково, ИНН 5042008522, КПП 504201001, info@niilkp.ru";Бак красконагнетательный. Вместимость,л-10. Давление воздуха,МПа-0,06. Габариты,мм-306х306х640. БК-10ПН ТУ 3672-197-00209711-2006;Бак красконагнетательный. Вместимость,л-10. Давление воздуха,МПа-0,06. Габариты,мм-306х306х640. БК-10ПН;ЗЕЛЁНЫЙ;False;False;;Бак красконагнетательный. Вместимость,л-10. Давление воздуха,МПа-0,06. Габариты,мм-306х306х640. БК-10ПН
196316;"ООО ""ПолимерМаркет"", Россия, г. Курск";Лента ПЭ с липким слоем 0,100х50, Н, первый сорт ГОСТ 20477-86*;Лента ПЭ с липким слоем 0,100х50, Н, первый сорт ГОСТ 20477-86*;ЗЕЛЁНЫЙ;False;False;;Лента ПЭ с липким слоем 0,100х50, Н, первый сорт ГОСТ 20477-86*
94173;"ООО ""Аврорус"", Россия, Москва";Компьютер персональный Quad-Core Q8400, 4GB DDR3 PC3-10600, 500GB SATA HDD, DVD+/-RW, cardreader, keyboard, mouse, GigLAN, Win7Pro 64bit, MSOf 2010 prel. St. (replace WK070EA) (rlb) XT446ES, XT446ES, габаритные размеры, мм: 176х430х377 HP 6000 Pro XT446ES;Компьютер персональный Quad-Core Q8400, 4GB DDR3 PC3-10600, 500GB SATA HDD, DVD+/-RW, cardreader, keyboard, mouse, GigLAN, Win7Pro 64bit, MSOf 2010 prel. St. (replace WK070EA) (rlb) XT446ES, XT446ES, габаритные размеры, мм: 176х430х377 HP 6000 Pro XT446ES;ЖЁЛТЫЙ;False;False;;Компьютер персональный Quad-Core Q8400, 4GB DDR3 PC3-10600, 500GB SATA HDD, DVD+/-RW, cardreader, keyboard, mouse, GigLAN, Win7Pro 64bit, MSOf 2010 prel. St. (replace WK070EA) (rlb) XT446ES, XT446ES, габаритные размеры, мм: 176х430х377 HP 6000 Pro XT446ES
237576;"ООО ""Никель"", ИНН 7811137256";Добавка сухая укрепляющая ТУ 24.66.47-004-13881083-2018;Добавка сухая укрепляющая;ЗЕЛЁНЫЙ;False;False;;Добавка сухая укрепляющая
162958;"ОАО ""Краснодарский ЗИП"", Россия, г.Краснодар";Амперметр постоянногго тока с шунтомс пределом измерения 0-150А М-381 ТУ 25-04.3577-78;Амперметр постоянногго тока с шунтомс пределом измерения 0-150А М-381;ЖЁЛТЫЙ;False;False;;Амперметр постоянногго тока с шунтомс пределом измерения 0-150А М-381
218039;"ООО НПФ ""Корал"", Россия, Санкт-Петербург, ИНН 7825129287, КПП 783901001, coralspb@mail.ru";"Комплект оборудования рабочего места врача-стоматолога с вакуумной системой слюноотсос-пылесос. В составе: 1) кресло Дарта 1605; 2) БННП Дарта 1405; 3) гидроблок Дарта 1650; 4) светильник Дарта 1140; 5) компрессор Werther; 6) стул Дарта 1900; 7)столик Дарта 1310. Потребляемая мощность,кВт-0,9 ""ДАРТА"" ТУ 9452-001-53236398-2014";"Комплект оборудования рабочего места врача-стоматолога с вакуумной системой слюноотсос-пылесос. В составе: 1) кресло Дарта 1605; 2) БННП Дарта 1405; 3) гидроблок Дарта 1650; 4) светильник Дарта 1140; 5) компрессор Werther; 6) стул Дарта 1900; 7)столик Дарта 1310. Потребляемая мощность,кВт-0,9 ""ДАРТА""";ЗЕЛЁНЫЙ;False;False;;"Комплект оборудования рабочего места врача-стоматолога с вакуумной системой слюноотсос-пылесос. В составе: 1) кресло Дарта 1605; 2) БННП Дарта 1405; 3) гидроблок Дарта 1650; 4) светильник Дарта 1140; 5) компрессор Werther; 6) стул Дарта 1900; 7)столик Дарта 1310. Потребляемая мощность,кВт-0,9 ""ДАРТА"""
176598;"ООО Завод ""Промавтоматика"", Россия, г.Екатеринбург, ИНН 6670433297, КПП 667001001, zakaz@promavt.com";Соединение ниппельное ввертное НСВ14хG1/2, УХЛ1 ТУ 4218-013-01395839-01;Соединение ниппельное ввертное НСВ14хG1/2, УХЛ1;ЗЕЛЁНЫЙ;False;False;;Соединение ниппельное ввертное НСВ14хG1/2, УХЛ1
455798;"ООО ""ААА"", Россия, ХАНТЫ-МАНСИЙСКИЙ АВТОНОМНЫЙ ОКРУГ, ИНН 8602298597, КПП 860201001, support@sofiadoors.com";Дверь скрытая Invisible от себя с полотном 1100х2300, правая, короб - анодированный алюминий, вариант обрамления проема - под строительный материал, полотно с алюминиевыми торцами с четырех сторон, облицовка - лак-акрилак белая матовая, оборудованная замком-защелкой с засовом и дополнительным запиранием ключом, с ручками для открывания, с элементами крепления. Цвет фурнитуры матовый хром. Ручка межкомнатная Touch матовый хром;Дверь скрытая Invisible от себя с полотном 1100х2300, правая, короб - анодированный алюминий, вариант обрамления проема - под строительный материал, полотно с алюминиевыми торцами с четырех сторон, облицовка - лак-акрилак белая матовая, оборудованная замком-защелкой с засовом и дополнительным запиранием ключом, с ручками для открывания, с элементами крепления. Цвет фурнитуры матовый хром. Ручка межкомнатная Touch матовый хром;ЗЕЛЁНЫЙ;False;False;;Дверь скрытая Invisible от себя с полотном 1100х2300, правая, короб - анодированный алюминий, вариант обрамления проема - под строительный материал, полотно с алюминиевыми торцами с четырех сторон, облицовка - лак-акрилак белая матовая, оборудованная замком-защелкой с засовом и дополнительным запиранием ключом, с ручками для открывания, с элементами крепления. Цвет фурнитуры матовый хром. Ручка межкомнатная Touch матовый хром
128600;"ООО ""Тульский Электромеханический Завод"", ИНН 7107088113";"Звено промежуточное 2ПР-7-1; ТУ 3449-018-40064547-01";Звено промежуточное 2ПР-7-1;ЗЕЛЁНЫЙ;False;False;;Звено промежуточное 2ПР-7-1
151231;"ЗАО ""ЭКСИС"", Россия, Москва";Термогигрометр, диапазон измерения относительной влажности, %: 0...99, диапазон измеряемых температур, оС: -20...+50, напряжение питания, В: 2,4, габаритные размеры блока измерения, мм: 120х85х35 ИВТМ-7 М 3-Д-В ТУ 4311-001-70203816-11;Термогигрометр, диапазон измерения относительной влажности, %: 0...99, диапазон измеряемых температур, оС: -20...+50, напряжение питания, В: 2,4, габаритные размеры блока измерения, мм: 120х85х35 ИВТМ-7 М 3-Д-В;ЖЁЛТЫЙ;False;False;;Термогигрометр, диапазон измерения относительной влажности, %: 0...99, диапазон измеряемых температур, оС: -20...+50, напряжение питания, В: 2,4, габаритные размеры блока измерения, мм: 120х85х35 ИВТМ-7 М 3-Д-В
154340;"ЗАО ""Турботект"", Россия, Санкт-Петербург";"Переходник для подключения изделий МЗУ, УСМ к маслобакам. Гидравлическая система ""Т"". ТТР 30.000.250";"Переходник для подключения изделий МЗУ, УСМ к маслобакам. Гидравлическая система ""Т"". ТТР 30.000.250";ЖЁЛТЫЙ;False;False;;"Переходник для подключения изделий МЗУ, УСМ к маслобакам. Гидравлическая система ""Т"". ТТР 30.000.250"
169175;"ООО ""Русоптикком"", Россия, Москва";Кросс оптический КН-8 8SC/МM-8SC/PC-МM/50;Кросс оптический КН-8 8SC/МM-8SC/PC-МM/50;ЖЁЛТЫЙ;False;False;;Кросс оптический КН-8 8SC/МM-8SC/PC-МM/50
270340;ООО “Аппаратурщик” , Россия, д. Слобода;Стакан 8 ГОСТ 9147-80;Стакан 8 ГОСТ 9147-80;ЗЕЛЁНЫЙ;False;False;;Стакан 8 ГОСТ 9147-80
183223;"ООО ""ДЖИЛЕКС"", Россия, г.Климовск";Насос-автомат Q=60 л/мин, H=35 м Джамбо 60/35 Н-24 ТУ 3468-001-61533394-2014;Насос-автомат Q=60 л/мин, H=35 м Джамбо 60/35 Н-24;ЗЕЛЁНЫЙ;False;False;;Насос-автомат Q=60 л/мин, H=35 м Джамбо 60/35 Н-24
25313;"ООО ""Гагарин-Инжиниринг"" (ООО ""Гагаринский машиностроительный завод""), ИНН 6723019614";Переход К-159х4,5-133х4 ГОСТ 17378-2001;Переход К-159х4,5-133х4 ГОСТ 17378-2001;ЗЕЛЁНЫЙ;False;False;;Переход К-159х4,5-133х4 ГОСТ 17378-2001
433372;"ООО ""Группа компании ""Саником"", Россия, г. Москва, ИНН 7724419293, КПП 772301001, mail@santehnica.ru";Кабина душевая Timo Premium Helka H-515 R 120х90х220 код товара: 141359;Кабина душевая Timo Premium Helka H-515 R 120х90х220 код товара: 141359;ЗЕЛЁНЫЙ;False;False;;Кабина душевая Timo Premium Helka H-515 R 120х90х220 код товара: 141359
440187;"ООО ""ВЕДЖВУД"", ИНН 9719024487";Плита бетонная тротуарная В.8.П.8, 225х150х80, цвет Carmen red, класс бетона В30 Бельпассо премио Stone top ГОСТ-17608-2017;Плита бетонная тротуарная В.8.П.8, 225х150х80, цвет Carmen red, класс бетона В30 Бельпассо премио Stone top ГОСТ-17608-2017;ЗЕЛЁНЫЙ;False;False;;Плита бетонная тротуарная В.8.П.8, 225х150х80, цвет Carmen red, класс бетона В30 Бельпассо премио Stone top ГОСТ-17608-2017
103458;"АО ""Глазовский завод ""Металлист""";Тиски слесарные модернизированные. Ширина губок, мм- 200. Габариты, мм- 555х230х261 ТСМ 200 ГОСТ 4045-75;Тиски слесарные модернизированные. Ширина губок, мм- 200. Габариты, мм- 555х230х261 ТСМ 200 ГОСТ 4045-75;ЗЕЛЁНЫЙ;False;False;;Тиски слесарные модернизированные. Ширина губок, мм- 200. Габариты, мм- 555х230х261 ТСМ 200 ГОСТ 4045-75
345919;"ООО ""ПАУЭРМАСТЕР"", ИНН 7743596650";"Комплект разгонщиков фланцевых соединений в составе: SW15TEMAX Разгонщик фланцев гидравлический, Максикомплект, 31т - 1шт.; SW9TМ Разгонщик фланцев механический, Максикомплект, 9.4т - 2шт. Серия SW ТУ 4140-001-17422805-2014";"Комплект разгонщиков фланцевых соединений в составе: SW15TEMAX Разгонщик фланцев гидравлический, Максикомплект, 31т - 1шт.; SW9TМ Разгонщик фланцев механический, Максикомплект, 9.4т - 2шт. Серия SW";ЗЕЛЁНЫЙ;False;False;;"Комплект разгонщиков фланцевых соединений в составе: SW15TEMAX Разгонщик фланцев гидравлический, Максикомплект, 31т - 1шт.; SW9TМ Разгонщик фланцев механический, Максикомплект, 9.4т - 2шт. Серия SW"
94166;"ЗАО ""ОЛДИ"" , ИНН 7719044994";Ноутбук защищенный, технология Intel® Core™ i5 vPro™, процессор Intel® Core i5-3320M vPro™, 2,6 ГГц, макс. 3.3 ГГц с технологией Intel® Turbo Boost, Intel® HD Graphics 4000i, 14-дюймовый TFT LCD HD дисплей (1366 x 768), 4 Гб DDR3, расширяемая до 8 Гб, сенсорный дисплей, габаритные размеры, мм: 348х258х49 Getac S400;Ноутбук защищенный, технология Intel® Core™ i5 vPro™, процессор Intel® Core i5-3320M vPro™, 2,6 ГГц, макс. 3.3 ГГц с технологией Intel® Turbo Boost, Intel® HD Graphics 4000i, 14-дюймовый TFT LCD HD дисплей (1366 x 768), 4 Гб DDR3, расширяемая до 8 Гб, сенсорный дисплей, габаритные размеры, мм: 348х258х49 Getac S400;ЗЕЛЁНЫЙ;False;False;;Ноутбук защищенный, технология Intel® Core™ i5 vPro™, процессор Intel® Core i5-3320M vPro™, 2,6 ГГц, макс. 3.3 ГГц с технологией Intel® Turbo Boost, Intel® HD Graphics 4000i, 14-дюймовый TFT LCD HD дисплей (1366 x 768), 4 Гб DDR3, расширяемая до 8 Гб, сенсорный дисплей, габаритные размеры, мм: 348х258х49 Getac S400
307447;"ООО Завод дозировочной техники ""Ареопаг"", Россия, Санкт-Петебург";Станция распределения МЭГ БНДР-Э-ПГ-8000/275-К3-172 комплектация по обосновывающему документу 4646РД/БТК.00.Р.02.УКПГ.000.19.Т.ОЛ1 (изм.4) инв.№10142494;Станция распределения МЭГ БНДР-Э-ПГ-8000/275-К3-172 комплектация по обосновывающему документу 4646РД/БТК.00.Р.02.УКПГ.000.19.Т.ОЛ1 (изм.4) инв.№10142494;ЗЕЛЁНЫЙ;False;False;;Станция распределения МЭГ БНДР-Э-ПГ-8000/275-К3-172 комплектация по обосновывающему документу 4646РД/БТК.00.Р.02.УКПГ.000.19.Т.ОЛ1 (изм.4) инв.№10142494
247558;"ОАО ""Пергам-Инжиниринг"", Россия, Москва";Анализатор влажности, корпус: NEMA 4X IP67, рабочая температура: от –10°C до 50°C, клавиатура: 25-клавишная, прорезиненная, тактильная мембранная, габаритные размеры, мм: 238х138х38 РМ880 Комплектация по обосновывающему документу. 4570РД2-7-1.00.Р.03.ЛПУ.4.1.ХЛ.ОЛ5 инв.№10083272;Анализатор влажности, корпус: NEMA 4X IP67, рабочая температура: от –10°C до 50°C, клавиатура: 25-клавишная, прорезиненная, тактильная мембранная, габаритные размеры, мм: 238х138х38 РМ880 Комплектация по обосновывающему документу. 4570РД2-7-1.00.Р.03.ЛПУ.4.1.ХЛ.ОЛ5 инв.№10083272;ЗЕЛЁНЫЙ;False;False;;Анализатор влажности, корпус: NEMA 4X IP67, рабочая температура: от –10°C до 50°C, клавиатура: 25-клавишная, прорезиненная, тактильная мембранная, габаритные размеры, мм: 238х138х38 РМ880 Комплектация по обосновывающему документу. 4570РД2-7-1.00.Р.03.ЛПУ.4.1.ХЛ.ОЛ5 инв.№10083272
86655;"ООО ""Донкабель"", Россия, г.Пролетарск";Кабель 4х(2х1,0)э Герда-КВКнг(А) ТУ 3581-019-76960731-2010;Кабель 4х(2х1,0)э;ЗЕЛЁНЫЙ;False;False;;Кабель 4х(2х1,0)э
526579;"ООО ""АИР-ГАЗ"", ИНН 1660341866";Соединение неразъемное полиэтилен-сталь НСПС 63х57 ПЭ100 ГАЗ SDR 13,6;Соединение неразъемное полиэтилен-сталь НСПС 63х57 ПЭ100 ГАЗ SDR 13,6;ЗЕЛЁНЫЙ;False;False;;Соединение неразъемное полиэтилен-сталь НСПС 63х57 ПЭ100 ГАЗ SDR 13,6
314957;"ООО ТКФ ""Медтроник"", Россия, г. Москва, ИНН 7710269680, КПП 773101001, mail@medtronik.ru";Установка стоматологическая Sirona INTEGO;Установка стоматологическая Sirona INTEGO;ЗЕЛЁНЫЙ;False;False;;Установка стоматологическая Sirona INTEGO
472930;"ООО ""АВТОФУРГОН"", ИНН 7727391550";Автобус пассажирский. Габариты, мм - 5990х2098х2645 Sollers Atlant Комплектация по обосновывающему документу 0108.152.001.Р.0004.653.0000.0000.000-ТХВ.ОЛ31 инв.№046821/0004;Автобус пассажирский. Габариты, мм - 5990х2098х2645 Sollers Atlant Комплектация по обосновывающему документу 0108.152.001.Р.0004.653.0000.0000.000-ТХВ.ОЛ31 инв.№046821/0004;ЗЕЛЁНЫЙ;False;False;;Автобус пассажирский. Габариты, мм - 5990х2098х2645 Sollers Atlant Комплектация по обосновывающему документу 0108.152.001.Р.0004.653.0000.0000.000-ТХВ.ОЛ31 инв.№046821/0004
217430;"ООО ""Металлдизайн"", Россия, Санкт-Петербург";Платформа нагревательная, размер нагреваемой поверхности, мм: 310х200, материал рабочей поверхности: стеклокерамика, напряжение питания, В: 220, потребляемая мощность, кВт: 2,2, габаритные размеры, мм: 460х360х200 ПМД 2002 арт. 802002;Платформа нагревательная, размер нагреваемой поверхности, мм: 310х200, материал рабочей поверхности: стеклокерамика, напряжение питания, В: 220, потребляемая мощность, кВт: 2,2, габаритные размеры, мм: 460х360х200 ПМД 2002;ЗЕЛЁНЫЙ;False;False;;Платформа нагревательная, размер нагреваемой поверхности, мм: 310х200, материал рабочей поверхности: стеклокерамика, напряжение питания, В: 220, потребляемая мощность, кВт: 2,2, габаритные размеры, мм: 460х360х200 ПМД 2002
528750;"ООО ""РУСГЕОТЕХ"", ИНН 9729105086";Обеспечение программное ПТК ИГТМ Комплектация по обосновывающему документу 0349.032.Р.0/0.0004.УКПГ.0003.0000.000-ГТМ.ОЛ7 (изм.2);Обеспечение программное ПТК ИГТМ Комплектация по обосновывающему документу 0349.032.Р.0/0.0004.УКПГ.0003.0000.000-ГТМ.ОЛ7 (изм.2);ЗЕЛЁНЫЙ;False;False;;Обеспечение программное ПТК ИГТМ Комплектация по обосновывающему документу 0349.032.Р.0/0.0004.УКПГ.0003.0000.000-ГТМ.ОЛ7 (изм.2)
