source;sheet;row;code;resolved_factory;inn;name;output;status;changed;applied;problems
009256_СВО_1-7_98.3(1).xlsx;выборка оборудования;1966;630-351988;"ООО ""Лабораторная мебель ""Аналитика"", Россия, г. Омск, ИНН 5501124119, КПП 550301001, sales@analytica-lab.ru";5501124119;Мойка одинарная, рабочая поверхность: нержавеющая сталь, материал раковины: нержавеющая сталь, глубина раковины, мм: 150, сушильный стеллаж, брызгозащитный экран (нержавеющая сталь) высота 400 мм, габаритные размеры, мм: 600х600х900. Дополнительно: одинарный душ для глаз настольного исполнения: TOFF Модель KC1Y МОС-Н600Н-БэНж ГОСТ 16371-2014. Масса-0,045 т.;Мойка одинарная, рабочая поверхность: нержавеющая сталь, материал раковины: нержавеющая сталь, глубина раковины, мм: 150, сушильный стеллаж, брызгозащитный экран (нержавеющая сталь) высота 400 мм, габаритные размеры, мм: 600х600х900. Дополнительно: одинарный душ для глаз настольного исполнения: TOFF Модель KC1Y МОС-Н600Н-БэНж ГОСТ 16371-2014. Масса-0,045 т;ЗЕЛЁНЫЙ;True;;
009256_СВО_1-7_98.3(1).xlsx;выборка оборудования;293;630-393255;"ООО ""АЭРО ИКСИА"", Россия, г. Брянск, ИНН 3257017280, КПП 526101001, aero@ixia.su";3257017280;Установка приточная с комплектом автоматики СКВ BOX(S)-S-8 (раб., рез.) по типу ТУ 4862-001-22330703-2014 комплектация по обосновывающему документу 0092.049.Р.13/1.0004.УКПГ.045.0507.022-ОВ.ОЛ3 инв.№10173973, 0092.049.Р.13/1.0004.УКПГ.045.0507.022-ОВ.Н3 инв.№10173974. Масса-0,902 т.;Установка приточная с комплектом автоматики СКВ BOX(S)-S-8 (раб., рез.) комплектация по обосновывающему документу 0092.049.Р.13/1.0004.УКПГ.045.0507.022-ОВ.ОЛ3 инв.№10173973, 0092.049.Р.13/1.0004.УКПГ.045.0507.022-ОВ.Н3 инв.№10173974. Масса-0,902 т;ЗЕЛЁНЫЙ;True;;
009256_СВО_1-7_98.3(1).xlsx;выборка оборудования;816;604-514552-Ш;"ПАО ""Газпром Автоматизация"", ИНН 7704028125";7704028125;"Шефмонтажные работы. Подстанция двухтрансформаторная блочно-комплектная; электрической мощностью 1600кВа, частотой 50 Гц; модульного исполнения; с номинальным напряжением 10/0,4 кВ; с трансформатором трехфазным, сухим, с естественным воздушным охлаждением при защищенном исполнении, с алюминиевой обмоткой; с схемой и группой соединений трансформатора треугольник  звезда с 0; с двусторонним типом обслуживания; с наличием УКРМ, мощностью 300 кВар; со степенью регулировки УКРМ  25 кВар; с наличием АВР; с наличием аварийного ввода от ДЭС; с номинальным током сборных шин 630/2500; с наличием СОПТ; с распределительным устройством; с прибором учета электроэнергии на вводе 0,4 кВ; с наличием высоковольтной ячейки; с наличием ОПН; в сейсмостойком исполнении; климатического исполнения УХЛ (умеренного и холодного климата), категория размещения 1 (на открытом воздухе согласно ГОСТ 15150-69 2-БКТП-1600-М-10/0,4-СЗ(Al)-Д/У-Д-УКРМ-300-25-0-АВР-А-630/2500-СОПТ-РУ-УЭВ-УЭЛ-УВН-ОПН-0-0-С-УХЛ-1. по типу ТУ 3412-020-04601386-2011. Комплектация по обосновывающему документу 0092.049.Р.13/1.0004.УКПГ.045.4507.065-ЭМ.ОЛ (изм.1).";"Шефмонтажные работы. Подстанция двухтрансформаторная блочно-комплектная; электрической мощностью 1600кВа, частотой 50 Гц; модульного исполнения; с номинальным напряжением 10/0,4 кВ; с трансформатором трехфазным, сухим, с естественным воздушным охлаждением при защищенном исполнении, с алюминиевой обмоткой; с схемой и группой соединений трансформатора треугольник звезда с 0; с двусторонним типом обслуживания; с наличием УКРМ, мощностью 300 кВар; со степенью регулировки УКРМ 25 кВар; с наличием АВР; с наличием аварийного ввода от ДЭС; с номинальным током сборных шин 630/2500; с наличием СОПТ; с распределительным устройством; с прибором учета электроэнергии на вводе 0,4 кВ; с наличием высоковольтной ячейки; с наличием ОПН; в сейсмостойком исполнении; климатического исполнения УХЛ (умеренного и холодного климата), категория размещения 1 (на открытом воздухе согласно ГОСТ 15150-69 2-БКТП-1600-М-10/0,4-СЗ(Al)-Д/У-Д-УКРМ-300-25-0-АВР-А-630/2500-СОПТ-РУ-УЭВ-УЭЛ-УВН-ОПН-0-0-С-УХЛ-1. Комплектация по обосновывающему документу 0092.049.Р.13/1.0004.УКПГ.045.4507.065-ЭМ.ОЛ (изм.1)";ЗЕЛЁНЫЙ;True;;
009256_СВО_1-7_98.3(1).xlsx;выборка оборудования;1430;658-474338;"ООО ""Вольтаг"", ИНН 6679118130";6679118130;Агрегат бесперебойного питания СБПМ.435341.001ТУ Комплектация по обосновывающему документу 0092.049.Р.13/1.0004.УКПГ.045.4408.105-ЭМ3.ОЛ2 инв.№046817/0004.;Агрегат бесперебойного питания Комплектация по обосновывающему документу 0092.049.Р.13/1.0004.УКПГ.045.4408.105-ЭМ3.ОЛ2 инв.№046817/0004;ЗЕЛЁНЫЙ;True;СБПМ.;
009256_СВО_1-7_98.3(1).xlsx;выборка оборудования;2143;644-472668;"ООО ПКП ""ГазПремиум"", ИНН 6452951387";6452951387;Регистр однорядный из трех гладких труб 133х4 длиной 1,0м, в комплекте с опорами и экраном, с покрытием АРМОКОТ F100 ( цвет серый 7004 RAL D2 DESIGN) по ТУ 2312-009-23354769-2008 РГТ-1-133х4-1м-3-ОП-Э ТУ 4936-001-69441315-11.;Регистр однорядный из трех гладких труб 133х4 длиной 1,0м, в комплекте с опорами и экраном, с покрытием АРМОКОТ F100 ( цвет серый 7004 RAL D2 DESIGN) по РГТ-1-133х4-1м-3-ОП-Э;ЗЕЛЁНЫЙ;True;;
009256_УСВР_СМР_1-7_КАЗ(1).xlsx;Готово;1492;23-274939-С;"ООО ""Арматурный завод"", ИНН 0278170037";0278170037;Кран шаровой двухходовой условного диаметра DN 20 PN 16 кгс/см2 (1,6 МПа) с ручным приводом, тип присоединения к трубопроводу - муфтовое с трубной резьбой G 3/4, основной материал деталей- 09Г2С, материал уплотнения - PTFE КШ.1.фт-20-16.09Г2С.MG1.р1 по типу ТУ 3742-016-64164940-2011.;Кран шаровой двухходовой условного диаметра DN 20 PN 16 кгс/см2 (1,6 МПа) с ручным приводом, тип присоединения к трубопроводу - муфтовое с трубной резьбой G 3/4, основной материал деталей- 09Г2С, материал уплотнения - PTFE КШ.1.фт-20-16.09Г2С.MG1.р1;ЗЕЛЁНЫЙ;True;;
009256_СВО_1-7_98.3(1).xlsx;выборка оборудования;239;641-393413;"ООО ""ГенПроВектор"", Россия, г. Нижний Новгород, ИНН 3257032024, КПП 526101001, info@gp-v.ru";3257032024;Блок-бокс канализационной насосной станции промышленных сточных вод Q-15м3/ч, H-35м по типу ТУ 28.99.39-001-29503638-2020 Комплектация по обосновывающему документу 0092.049.Р.13/1.0004.УКПГ.045.2018.003-ВК.ОЛ инв.№10172208. Масса-12,98 т.;Блок-бокс канализационной насосной станции промышленных сточных вод Q-15м3/ч, H-35м Комплектация по обосновывающему документу 0092.049.Р.13/1.0004.УКПГ.045.2018.003-ВК.ОЛ инв.№10172208. Масса-12,98 т;ЗЕЛЁНЫЙ;True;;
009256_УСВР_СМР_1-7_КАЗ(1).xlsx;Готово;1437;101-90480-В7;"ООО ""К-ФЛЕКС"", ИНН 5017057156";5017057156;"Грунт-эмаль СБЭ-111 ""Унипол"" марки В-СЭ";"Грунт-эмаль СБЭ-111 ""Унипол"" марки В-СЭ";ЗЕЛЁНЫЙ;False;;
009256_СВО_1-7_98.3(1).xlsx;выборка оборудования;1415;6310-418604;"ООО НПО ""Турбулентность-Дон"" , ИНН 6141021685";6141021685;"Расходомер-счетчик газа ультразвуковой ""Turbo Flow"" UFG-F ТУ 4213-012-70670506-2013 комплектация по обосновывающему документу 0092.049.Р.13/1.0004.УКПГ.045.0019.005-АТХ1.ОЛ1 инв.№10171487.";Расходомер-счетчик газа ультразвуковой комплектация по обосновывающему документу 0092.049.Р.13/1.0004.УКПГ.045.0019.005-АТХ1.ОЛ1 инв.№10171487;ЗЕЛЁНЫЙ;True;Turbo Flow | UFG-F;
009256_СВО_1-7_98.3(1).xlsx;выборка оборудования;1027;605-491870-Ш;"ООО ""АЭРО ИКСИА"", ИНН 3257017280";3257017280;Шефмонтажные работы. Установка приточная с комплектом автоматики KAС-W, комплектом запасных фильтров и узлом терморегулирования СКВ(S)-S-3,15 ТУ 4862-001-22330703-2014 комплектация по обосновывающему документу 0092.049.Р.13/1.0004.ВЖК.000.3313.003-ОВ.ОЛ10 (изм.2), 0092.049.Р.13/1.0004.ВЖК.000.3313.003-ОВ.Н10.;Шефмонтажные работы. Установка приточная с комплектом автоматики KAС-W, комплектом запасных фильтров и узлом терморегулирования СКВ(S)-S-3,15 комплектация по обосновывающему документу 0092.049.Р.13/1.0004.ВЖК.000.3313.003-ОВ.ОЛ10 (изм.2), 0092.049.Р.13/1.0004.ВЖК.000.3313.003-ОВ.Н10;ЗЕЛЁНЫЙ;True;;
009256_УСВР_СМР_1-7_КАЗ(1).xlsx;Готово;2441;13-399390-С;"АО ""Руст-95"", Россия, Санкт-Петербург, ИНН 7728120384, КПП 781701001, contact@roost95.ru";7728120384;Клапан регулирующий фланцевый DN 80 ANSI 1500 с ручным приводом по типу ТУ 3742-002-41554973-98 комплектация по обосновывающему документу 0092.049.Р.13/1.0004.Кг.424.0000.000-ТХ2.ОЛ10-2 инв.№10171431.;Клапан регулирующий фланцевый DN 80 ANSI 1500 с ручным приводом комплектация по обосновывающему документу 0092.049.Р.13/1.0004.Кг.424.0000.000-ТХ2.ОЛ10-2 инв.№10171431;ЗЕЛЁНЫЙ;True;;
009256_СВО_1-7_98.3(1).xlsx;выборка оборудования;2218;630-282063;"ООО ""ВЕЗА"", Россия, Москва, ИНН 7720040225, КПП 505001001, info@veza.ru";7720040225;"Клапан, рабочее сечение H(высота)хB(ширина)-1300х1300 мм; исполнение общепромышленное с лопатками из алюминия; с одним ручным приводом; размещение внутри помещения; климатическое исполнение УХЛ2; без защиты от кражи электропривода ГЕРМИК-Р-1300х1300-Н-1-РУЧКА-1-УХЛ2-0 по типу ТУ 4863-135-40149153-2009№ 50-023-044933 от 13 октября 2023 г. п. 19. Масса-0,045 т.";"Клапан, рабочее сечение H(высота)хB(ширина)-1300х1300 мм; исполнение общепромышленное с лопатками из алюминия; с одним ручным приводом; размещение внутри помещения; климатическое исполнение УХЛ2; без защиты от кражи электропривода УХЛ2 № 50-023-044933 от 13 октября 2023 г. п. 19. Масса-0,045 т";ЗЕЛЁНЫЙ;True;ГЕРМИК;
009256_СВО_1-7_98.3(1).xlsx;выборка оборудования;2457;103-135137-С;"АО ""ДКС"", Россия, г.Тверь, ИНН 6905062011, КПП 695001001, info@dkc.ru";6905062011;"Блок розеток для 19"" шкафов, 8 розеток Schuko R519SH8. Масса-0,0015 т.";"Блок розеток для 19"" шкафов, 8 розеток Schuko Масса-0,0015 т";ЗЕЛЁНЫЙ;True;R5;
009256_СВО_1-7_98.3(1).xlsx;выборка оборудования;2407;644-439822;"ООО ""ВЕЗА"", Россия, г. Фрязино, ИНН 7720040225, КПП 505001001, info@veza.ru";7720040225;"Клапан противопожарный, назначение - нормально закрытый; рабочее сечение 500х300 мм; тип канальный; электропривод MV220, размещен снаружи клапана; с клеммной коробкой; с воздухоприемным устройством РОН110; без монтажной рамы; без защиты от кражи электропривода ГЕРМИК-ДУ-З-500х300-2хф-МV220-СН-КК-РОН110-0-0 по типу ТУ 4863-162-40149153-2012. Масса-0,012 т.";"Клапан противопожарный, назначение - нормально закрытый; рабочее сечение 500х300 мм; тип канальный; электропривод MV220, размещен снаружи клапана; с клеммной коробкой; с воздухоприемным устройством РОН110; без монтажной рамы; без защиты от кражи электропривода Масса-0,012 т";ЗЕЛЁНЫЙ;True;ГЕРМИК;
009256_СВО_1-7_98.3(1).xlsx;выборка оборудования;2517;6810-196177;"ОАО ""Манотомь"", Россия, г.Томск, ИНН 7021000501, КПП 701701001, manotom@manotom-tmz.ru";7021000501;Манометр показывающий: диаметр корпуса 160 мм-нержавеющая сталь, климатическое исполнение УХЛ1, диапазон показаний от 0 до 1,6 МПа, класс точности 1,0, с радиальным штуцером без фланца, с резьбой присоединительного штуцера М20х1,5-8g, степень защиты IP54, пломба МП4-УУХЛ1-1,6 МПа-1-IP54-Пл по типу ТУ 25-02.180335-84№ 50-01/РЧ-049041 от 20 декабря 2018 г. п. 23. Масса-0,0012 т.;Манометр показывающий: диаметр корпуса 160 мм-нержавеющая сталь, климатическое исполнение УХЛ1, диапазон показаний от 0 до 1,6 МПа, класс точности 1,0, с радиальным штуцером без фланца, с резьбой присоединительного штуцера М20х1,5-8g, степень защиты IP54, пломба МПа-1-IP54-Пл № 50-01/РЧ-049041 от 20 декабря 2018 г. п. 23. Масса-0,0012 т;ЗЕЛЁНЫЙ;True;МП4-У;
009256_СВО_1-7_98.3(1).xlsx;выборка оборудования;1765;630-392837;"ООО ""Группа ""РГТ"", Россия, г. Москва, ИНН 9718006686, КПП 771801001, info@grouprgt.ru";9718006686;Колодец приемный. Габариты, мм - 1800х1000х885. В комплекте с ответными фланцами, прокладками и крепежом. по типу ТУ 28.99.39.190-001-02366053-2019. Комплектация по обосновывающему документу 0092.049.Р.13/1.0004.КОС.045.3721.012-ТХВ.ОЛ3 инв.№10173960. Масса-0,36 т.;Колодец приемный. Габариты, мм - 1800х1000х885. В комплекте с ответными фланцами, прокладками и крепежом. Комплектация по обосновывающему документу 0092.049.Р.13/1.0004.КОС.045.3721.012-ТХВ.ОЛ3 инв.№10173960. Масса-0,36 т;ЗЕЛЁНЫЙ;True;;
009256_СВО_1-7_98.3(1).xlsx;выборка оборудования;2583;644-446931;"ООО ""ВЕЗА"", Россия, г. Фрязино, ИНН 7720040225, КПП 505001001, info@veza.ru";7720040225;"Клапан РЕГУЛЯР-Л диаметром 160мм; коррозионностойкого исполнения; с одним ручным приводом; климатическое исполнение УХЛ2; без защиты от кражи электропривода РЕГУЛЯР-Л-160-К-1хРУЧКА-УХЛ2-0 по типу ТУ 4863-135-40149153-2009. Масса-0,0021 т.";"Клапан диаметром 160мм; коррозионностойкого исполнения; с одним ручным приводом; климатическое исполнение УХЛ2; без защиты от кражи электропривода УХЛ2 Масса-0,0021 т";ЗЕЛЁНЫЙ;True;РЕГУЛЯР;
009256_СВО_1-7_98.3(1).xlsx;выборка оборудования;728;654-459872;"ООО ""Самараволгомаш"" , ИНН 6314004134";6314004134;Кран шаровой DN50, PN10.0МПа, с пневмоприводом ТУ 3742-002-10995136-2007, комплектация по обосновывающему документу 0092.049.Р.13/1.0004.УКПГ.045.1032.102-ТХ.ОЛ46-3 инв.№026176/0004.;Кран шаровой DN50, PN10.0МПа, с пневмоприводом, комплектация по обосновывающему документу 0092.049.Р.13/1.0004.УКПГ.045.1032.102-ТХ.ОЛ46-3 инв.№026176/0004;ЗЕЛЁНЫЙ;True;;
009256_СВО_1-7_98.3(1).xlsx;выборка оборудования;2523;654-463693;"ООО ""ВЕЗА"", ИНН 7720040225";7720040225;"Клапан противопожарный КПУ-1Н; нормально открытый; общепромышленного исполнения; с рабочим сечением 400х200 мм; канального типа; электропривод МV220; расположен снаружи клапана; без клеммной колодки/коробки; без дополнительной комплектации; без защиты от кражи электропривода; без переходника на круглое сечение; со стандартным исполнением по параметрам потока рабочей среды; без монтажной рамы КПУ-1Н-О-Н-400х200-2хф-МV220-СН-0-0-0-0-0-0 по типу ТУ 4863-100-40149153-07. Масса-0,008 т.";"Клапан противопожарный КПУ-1Н; нормально открытый; общепромышленного исполнения; с рабочим сечением 400х200 мм; канального типа; электропривод МV220; расположен снаружи клапана; без клеммной колодки/коробки; без дополнительной комплектации; без защиты от кражи электропривода; без переходника на круглое сечение; со стандартным исполнением по параметрам потока рабочей среды; без монтажной рамы КПУ-1Н-О-Н-400х200-2хф-МV220-СН-0-0-0-0-0-0 Масса-0,008 т";ЗЕЛЁНЫЙ;True;;
009256_СВО_1-7_98.3(1).xlsx;выборка оборудования;1523;105-93701-С;"ООО ""Энергофинстрой"" , ИНН 7710379611";7710379611;Пункт контрольно-измерительный КИП.ЭФС.1.1.8-0 по типу ТУ 3435-005-57060080-2012.;Пункт контрольно-измерительный КИП.ЭФС.1.1.8-0;ЗЕЛЁНЫЙ;True;;
009256_СВО_1-7_98.3(1).xlsx;выборка оборудования;2469;620-313228;"АО ""Курский электроаппаратный завод"", ИНН 4629003691";4629003691;"Пускатель электромагнитный на номинальный ток 10А, 380В, исполнения по износостойкости Б, нереверсивный, с кнопками ""Пуск"" и ""Стоп"", степени защиты IP54, с 1""з"" контактом вспомогательной цепи, с включающей катушкой на напряжение 220В частоты 50Гц с диапазоном регулирования токовой уставки реле (0,63-1А), арт. 295424 ПМЛ-1230-10А-220AC-(0,63-1А)-УХЛ3-Б-КЭАЗ ТУ 3420-091-05758109-2016.";"Пускатель электромагнитный на номинальный ток 10А, 380В, исполнения по износостойкости Б, нереверсивный, с кнопками ""Пуск"" и ""Стоп"", степени защиты IP54, с 1""з"" контактом вспомогательной цепи, с включающей катушкой на напряжение 220В частоты 50Гц с диапазоном регулирования токовой уставки реле (0,63-1А), ПМЛ-1230-10А-220AC-(0,63-1А)-УХЛ3-Б";ЗЕЛЁНЫЙ;True;КЭАЗ;
009256_УСВР_СМР_1-7_КАЗ(1).xlsx;Готово;1535;624-253611;"ООО ""Восточная арматурная компания""
, ИНН 0275057393";0275057393;Затвор дисковый двухстороннего действия с тройным эксцентриситетом DN 250 PN 1,6 МПа фланцевый, с уплотнением металл-фторопласт, из хладостойкой стали, исполнение фланцев Е по ГОСТ 33259-2015, с КОФ . Климатическое исполнение ХЛ1 по ГОСТ 15150-69. Герметичность затвора класс А по ГОСТ 9544-2015. ЗД.2-ВАРК-250-16-01-10 по типу ТУ 3741-009-97965425-2007№ 50-01/АВ-023613 от 19 июня 2024 г. п. 1. Масса-0,21 т.;Затвор дисковый двухстороннего действия с тройным эксцентриситетом DN 250 PN 1,6 МПа фланцевый, с уплотнением металл-фторопласт, из хладостойкой стали, исполнение фланцев Е по ГОСТ 33259-2015, с КОФ. Климатическое исполнение ХЛ1 по ГОСТ 15150-69. Герметичность затвора класс А по ГОСТ 9544-2015. ЗД.2- -250-16-01-10 № 50-01/АВ-023613 от 19 июня 2024 г. п. 1. Масса-0,21 т;ЗЕЛЁНЫЙ;True;ВАРК;
009256_УСВР_СМР_1-7_КАЗ(1).xlsx;Готово;911;13-245806-С;"ООО ""Завод ТАТКАБЕЛЬ"", Россия, с. Столбище, ИНН 1657259971, КПП 168401001, office@invent.group";1657259971;Кабель 4х35мк(PE)-1 ИнСил-ВБВнг(А)-LS по типу ТУ 3500-002-92800518-2013.;Кабель 4х35мк(PE)-1 ИнСил-ВБВнг(А)-LS;ЗЕЛЁНЫЙ;True;;
009256_СВО_1-7_98.3(1).xlsx;выборка оборудования;1900;644-469989-1;"ООО ""Группа ""РГТ"", ИНН 9718006686";9718006686;Колодец приемный зачистки аварийного резервуара DN 80 ТУ 28.99.39.190-001-02366053-2019. Комплектация по обосновывающему документу 0092.049.Р.13/1.0004.УКПГ.045.0724.60а-ТХВ.ОЛ2 (изм.1) инв.№10176366.;Колодец приемный зачистки аварийного резервуара DN 80 Комплектация по обосновывающему документу 0092.049.Р.13/1.0004.УКПГ.045.0724.60а-ТХВ.ОЛ2 (изм.1) инв.№10176366;ЗЕЛЁНЫЙ;True;;
009256_СВО_1-7_98.3(1).xlsx;выборка оборудования;1008;604-455647-Ш;"ООО ""АЭРО ИКСИА"", ИНН 3257017280";3257017280;Шефмонтажные работы. Система кондиционирования АЭРО ИКСИА в составе: внутренний блок прецизионного кондиционера AI-FC-D-251-A (2 шт), наружный блок конденсатора воздушного охлаждения AI-KCB27-2 (2 шт), дренажный насос (2 шт), регулятор давления (2 шт), блок ротации (1 шт) ТУ 4862-005-22330703-2015 комплектация по обосновывающему документу 0092.049.Р.13/1.0004.УКПГ.045.4408.105-ОВ.ОЛ4 инв.№026140/0004, 0092.049.Р.13/1.0004.УКПГ.045.4408.105-ОВ.Н4 инв.№026243/0004.;Шефмонтажные работы. Система кондиционирования в составе: внутренний блок прецизионного кондиционера (2 шт), наружный блок конденсатора воздушного охлаждения (2 шт), дренажный насос (2 шт), регулятор давления (2 шт), блок ротации (1 шт) комплектация по обосновывающему документу 0092.049.Р.13/1.0004.УКПГ.045.4408.105-ОВ.ОЛ4 инв.№026140/0004, 0092.049.Р.13/1.0004.УКПГ.045.4408.105-ОВ.Н4 инв.№026243/0004;ЗЕЛЁНЫЙ;True;AI- | аэро иксиа;
009256_СВО_1-7_98.3(1).xlsx;выборка оборудования;1934;6910-221628;"ООО ""Валком"" , ИНН 7825370005";7825370005;Преобразователь давления корабельный комплектно с табличкой из нержавеющей стали с указанием позиции [5] и прокладкой уплотнительной ПДК-КУ-П 6х18х1 ПДК-ВО-И-10М0-А-2-М20-Н-01-Д20 АТЛМ.406233.00 по типу ТУ-2008№ 50-01/РЧ-000575 от 21 января 2020 г. п. 28. Масса-0,0043 т.;Преобразователь давления корабельный комплектно с табличкой из нержавеющей стали с указанием позиции [5] и прокладкой уплотнительной ПДК-КУ-П 6х18х1 ПДК-ВО-И-10М0-А-2-М20-Н-01-Д20 № 50-01/РЧ-000575 от 21 января 2020 г. п. 28. Масса-0,0043 т;ЗЕЛЁНЫЙ;True;АТЛМ.;
009256_СВО_1-7_98.3(1).xlsx;выборка оборудования;987;604-470375-Ш;"ООО ""ССТэнергомонтаж"", ИНН 5029120275";5029120275;Шефмонтажные работы. Щит питания и управления электрообогревом по типу ТУ 27.12.31-612-88851935-2019, Комплектация по обосновывающему документу 0092.049.Р.13/1.0004.УКПГ.045.4702.000-ЭОЭ2.ОЛ4 инв.№043627/0004. Масса-0 т.;Шефмонтажные работы. Щит питания и управления электрообогревом, Комплектация по обосновывающему документу 0092.049.Р.13/1.0004.УКПГ.045.4702.000-ЭОЭ2.ОЛ4 инв.№043627/0004. Масса-0 т;ЗЕЛЁНЫЙ;True;;
009256_СВО_1-7_98.3(1).xlsx;выборка оборудования;273;640-426560;"ООО ""АЭРО ИКСИА"", Россия, г. Брянск, ИНН 3257017280, КПП 526101001, aero@ixia.su";3257017280;Кондиционер прецизионный AI-FC-D-121-A в составе: наружный блок АИ-КСВ012А1р (1 рабочий / 1 резервный - 2шт.), внутренний блок AI-FC-D-121-A (1 рабочий / 1 резервный - 2шт.), дренажная помпа (2 шт.) AI-FC-D-121-A, по типу ТУ 4860-005-22330703-2015 комплектация по обосновывающему документу 0092.049.Р.13/1.0004.УКПГ.045.0077.001-ОВ.ОЛ4 инв.№10173219, 0092.049.Р.13/1.0004.УКПГ.045.0077.001-ОВ.Н4 инв.№10182110№ 50-01/АВ-013210 от 2 апреля 2024 г. п. 8. Масса-0,14 т.;Кондиционер прецизионный в составе: наружный блок (1 рабочий / 1 резервный - 2шт.), внутренний блок (1 рабочий / 1 резервный - 2шт.), дренажная помпа (2 шт.) комплектация по обосновывающему документу 0092.049.Р.13/1.0004.УКПГ.045.0077.001-ОВ.ОЛ4 инв.№10173219, 0092.049.Р.13/1.0004.УКПГ.045.0077.001-ОВ.Н4 инв.№10182110№ 50-01/АВ-013210 от 2 апреля 2024 г. п. 8. Масса-0,14 т;ЗЕЛЁНЫЙ;True;AI-;
009256_УСВР_СМР_1-7_КАЗ(1).xlsx;Готово;1537;19-494220-С;"ООО ""Восточная арматурная компания"", ИНН 0275057393";0275057393;Кран шаровой DN40, PN 1,6МПа, ручной, под приварку, с приварными патрубками 100 мм, с удлиненным штоком под теплоизоляцию 50 мм, герметичность затвора А по ГОСТ 9544-2015, климатическое исполнение ХЛ1, рабочая среда вода. КШ.1.1-ВАРК-0040-16-01-20 по типу ТУ 3742-008-97965425-2007.;Кран шаровой DN40, PN 1,6МПа, ручной, под приварку, с приварными патрубками 100 мм, с удлиненным штоком под теплоизоляцию 50 мм, герметичность затвора А по ГОСТ 9544-2015, климатическое исполнение ХЛ1, рабочая среда вода. КШ.1.1- -0040-16-01-20;ЗЕЛЁНЫЙ;True;ВАРК;
009256_СВО_1-7_98.3(1).xlsx;выборка оборудования;196;640-428294;"ООО ""ГенПроВектор"", Россия, г. Нижний Новгород, ИНН 3257032024, КПП 526101001, info@gp-v.ru";3257032024;Блок-бокс канализационной насосной станции промышленных сточных вод по типу ТУ 28.99.39-001-29503638-2020 комплектация по обосновывающему документу 0092.049.Р.13/1.0004.ВЖК.000.2018.011-ВК.ОЛ инв.№10182101. Масса-12,98 т.;Блок-бокс канализационной насосной станции промышленных сточных вод комплектация по обосновывающему документу 0092.049.Р.13/1.0004.ВЖК.000.2018.011-ВК.ОЛ инв.№10182101. Масса-12,98 т;ЗЕЛЁНЫЙ;True;;
009256_УСВР_СМР_1-7_КАЗ(1).xlsx;Готово;1931;19-105166-С;"ЗАО ""ПРОИЗВОДСТВЕННАЯ КОМПАНИЯ ""ХИМСЕРВИС"" ИМЕНИ А.А. ЗОРИНА"", ИНН 7116001422";7116001422;Электрод вспомогательный ВЭ625-10 по типу ТУ 3435-016-24707490-2007.;Электрод вспомогательный ВЭ625-10;ЗЕЛЁНЫЙ;True;;
009256_СВО_1-7_98.3(1).xlsx;выборка оборудования;248;643-435047;"АО ""Пензтяжпромарматура"", Россия, г.Пенза, ИНН 5835014041, КПП 583501001, sales@ptpa.ru";5835014041;Кран шаровой фланцевый, с пневмоприводом, DN400 PN12,5МПа по типу ТУ 3742-013-05749375-2010 комплектация по обосновывающему документу 0092.049.Р.13/1.0004.УКПГ.045.0921.000-ИК3-2.ОЛ10-5 инв.№10172356. Масса-3,785 т.;Кран шаровой фланцевый, с пневмоприводом, DN400 PN12,5МПа комплектация по обосновывающему документу 0092.049.Р.13/1.0004.УКПГ.045.0921.000-ИК3-2.ОЛ10-5 инв.№10172356. Масса-3,785 т;ЗЕЛЁНЫЙ;True;;
009256_СВО_1-7_98.3(1).xlsx;выборка оборудования;950;604-456957-Ш;"ООО ""ССТэнергомонтаж"", Россия, г. Мытищи, ИНН 5029120275, КПП 502901001, Info@sst-em.ru";5029120275;Шефмонтажные работы. Щит питания и управления электрообогревом по типу ТУ 27.12.31-612-88851935-2019, Комплектация по обосновывающему документу 0092.049.Р.13/1.0004.УКПГ.045.4702.000-ЭОЭ1.ОЛ2 инв.№028079/0004. Масса-0 т.;Шефмонтажные работы. Щит питания и управления электрообогревом, Комплектация по обосновывающему документу 0092.049.Р.13/1.0004.УКПГ.045.4702.000-ЭОЭ1.ОЛ2 инв.№028079/0004. Масса-0 т;ЗЕЛЁНЫЙ;True;;
009256_СВО_1-7_98.3(1).xlsx;выборка оборудования;1815;648-451508;"ООО ""ПУ ""Казаньэлектрощит"", Россия, г.Казань, ИНН 1659033810, КПП 166001001, nikolaev@kazanelectro.ru";1659033810;"Шкаф силовой распределительный ~400В, навесного исполнения, размером 1800(h)х600х300, (N,PE) в составе: вводной коммутационный аппарат - ВН-32-363-УХЛ3-КЭАЗ - 1шт.; отходящие коммутационные аппараты - АВДТ32-22С16-А-УХЛ4-КЭАЗ - 7шт.; АВДТ32-22С20-А-УХЛ4-КЭАЗ - 1шт.; АВДТ32-22С25-А-УХЛ4-КЭАЗ - 8шт.; АВДТ32-22С32-А-УХЛ4-КЭАЗ - 6шт. ПР УХЛ3.1 IP54 по типу ТУ 3434-010-33874352-2015. Масса-0,09 т.";"Шкаф силовой распределительный ~400В, навесного исполнения, размером 1800(h)х600х300, (N,PE) в составе: вводной коммутационный аппарат - ВН-32-363-УХЛ3-КЭАЗ - 1шт.; отходящие коммутационные аппараты - АВДТ32-22С16-А-УХЛ4-КЭАЗ - 7шт.; АВДТ32-22С20-А-УХЛ4-КЭАЗ - 1шт.; АВДТ32-22С25-А-УХЛ4-КЭАЗ - 8шт.; АВДТ32-22С32-А-УХЛ4-КЭАЗ - 6шт. ПР УХЛ3.1 IP54 Масса-0,09 т";ЗЕЛЁНЫЙ;True;;
009256_СВО_1-7_98.2(1).xlsx;выборка оборудования;36;603-376027-Ш;"ООО ФПК ""Космос-Нефть-Газ"" , Россия, г.Воронеж, ИНН 3663019523, КПП 366750001, office@kng.vrn.ru";3663019523;Шефмонтажные работы. Устройство горелочное горизонтальное УГГ500-21-14 УГГ500-21.00.00.000-14 КМЕВ.611257.001 по типу ТУ комплектация по обосновывающему документу 0092.049.Р.13/1.0004.Кг.428.0000.000-ТХ.ОЛ2 инв.№10171371.;Шефмонтажные работы. Устройство горелочное горизонтальное УГГ500-21-14 УГГ500-21.00.00.000-14 комплектация по обосновывающему документу 0092.049.Р.13/1.0004.Кг.428.0000.000-ТХ.ОЛ2 инв.№10171371;ЗЕЛЁНЫЙ;True;КМЕВ.;
009256_СВО_1-7_98.3(1).xlsx;выборка оборудования;1035;604-436309-Ш;"ООО ""АЭРО ИКСИА"", Россия, г. Брянск, ИНН 3257017280, КПП 526101001, aero@ixia.su";3257017280;Шефмонтажные работы. Установка приточная с комплектом автоматики KAS-W, комплектом запасных фильтров и узлом терморегулирования СКВ(S)-S-5, по типу ТУ 4862-001-22330703-2014 комплектация по обосновывающему документу 0092.049.Р.13/1.0004.ВЖК.000.4106.001-ОВ.ОЛ1 инв.№10183436, 0092.049.Р.13/1.0004.ВЖК.000.4106.001-ОВ.Н1 инв.№10185281. Масса-0 т.;Шефмонтажные работы. Установка приточная с комплектом автоматики KAS-W, комплектом запасных фильтров и узлом терморегулирования СКВ(S)-S-5, комплектация по обосновывающему документу 0092.049.Р.13/1.0004.ВЖК.000.4106.001-ОВ.ОЛ1 инв.№10183436, 0092.049.Р.13/1.0004.ВЖК.000.4106.001-ОВ.Н1 инв.№10185281. Масса-0 т;ЗЕЛЁНЫЙ;True;;
009256_СВО_1-7_98.3(1).xlsx;выборка оборудования;2627;640-238900;"ООО ""ВЕЗА"", ИНН 7720040225";7720040225;"Клапан противопожарный КПУ-1Н; нормально открытый; общепромышленного исполнения; с рабочим сечением 250х150 мм; канального типа; электропривод МВ220; расположен снаружи клапана; без клеммной колодки/коробки; без дополнительной комплектации; без защиты от кражи электропривода; без переходника на круглое сечение; со стандартным исполнением по параметрам потока рабочей среды; без монтажной рамы КПУ-1Н-О-Н-250х150-2хф-МВ220-СН-0-0-0-0-0-0 ТУ 4863-100-40149153-07.";"Клапан противопожарный КПУ-1Н; нормально открытый; общепромышленного исполнения; с рабочим сечением 250х150 мм; канального типа; электропривод МВ220; расположен снаружи клапана; без клеммной колодки/коробки; без дополнительной комплектации; без защиты от кражи электропривода; без переходника на круглое сечение; со стандартным исполнением по параметрам потока рабочей среды; без монтажной рамы КПУ-1Н-О-Н-250х150-2хф-МВ220-СН-0-0-0-0-0-0";ЗЕЛЁНЫЙ;True;;
009256_УСВР_СМР_1-7_КАЗ(1).xlsx;Готово;1667;19-446383-С;"ООО ""Ньюфрост"", Россия, г. Протвино, ИНН 5037003085, КПП 503701001, newfrost@bk.ru";5037003085;Термостабилизатор ТСГ-16 по типу ТУ 3642-002-78046368-2011. Комплектация по обосновывающему документу 0092.049.Р.13/1.0004.ВЖК.000.3405.043-ТСГ.ОЛ1 инв.№014532/0004.;Термостабилизатор ТСГ-16 Комплектация по обосновывающему документу 0092.049.Р.13/1.0004.ВЖК.000.3405.043-ТСГ.ОЛ1 инв.№014532/0004;ЗЕЛЁНЫЙ;True;;
009256_УСВР_СМР_1-7_КАЗ(1).xlsx;Готово;1213;19-285811-С;"ООО ""Белэнергомаш-БЗЭМ"", ИНН 3123315768";3123315768;Переход ПШК I 219(14К48)х57(6К48)-12,5(18,75)-В-60 по типу ТУ 1469-017-38948552-2015.;Переход ПШК I 219(14К48)х57(6К48)-12,5(18,75)-В-60;ЗЕЛЁНЫЙ;True;;
009256_СВО_1-7_98.3(1).xlsx;выборка оборудования;250;641-449408-1;"ООО ""ГенПроВектор"", Россия, г. Нижний Новгород, ИНН 3257032024, КПП 526101001, info@gp-v.ru";3257032024;Станция канализационная насосная заводского изготовления с насосами Q-50м3/ч, H-85м по типу ТУ 28.99.39-001-29503638-2020 Комплектация по обосновывающему документу 0092.049.Р.13/1.0004.ВЖК.000.2019.010-ВК.ОЛ (изм.1) инв.№10182442. Масса-10,5 т.;Станция канализационная насосная заводского изготовления с насосами Q-50м3/ч, H-85м Комплектация по обосновывающему документу 0092.049.Р.13/1.0004.ВЖК.000.2019.010-ВК.ОЛ (изм.1) инв.№10182442. Масса-10,5 т;ЗЕЛЁНЫЙ;True;;
009256_СВО_1-7_98.3(1).xlsx;выборка оборудования;96;658-513040-2;"АО ""Звезда-Редуктор"", ИНН 7811564963";7811564963;"Электростанция дизельная; электрической мощностью 1600 кВт, частотой 50 Гц; степень автоматизации  (третья); с ДГУ в компактном исполнении; с номинальным напряжением 0,4 кВ; без распределительного устройства; с электрическим типом системы запуска; с возможностью параллельной работы; режим работы  аварийный; без системы утилизации тепла; с комплектацией счетчиком топлива с индикацией по месту и вычислителем; с прибором учета выработанной электроэнергии; без выносного пульта управления; в сейсмостойком исполнении; климатического исполнения УХЛ (для умеренного и холодного климата), категория размещения 1 (на открытом воздухе согласно ГОСТ 15150 (табл. 2). ДЭС-1600-К-0,4-3-G2-0-Э-ПЖ-Р3-А-0-СУт1-УЭ-0-0-0-С-УХЛ-1 по типу ТУ 2711-001-05756754-2024 Комплектация по обосновывающему документу 0092.049.Р.13/1.0004.ВЖК.000.4401.031-ЭМ.ОЛ (изм.2). Масса-40, т.";"Электростанция дизельная; электрической мощностью 1600 кВт, частотой 50 Гц; степень автоматизации (третья); с ДГУ в компактном исполнении; с номинальным напряжением 0,4 кВ; без распределительного устройства; с электрическим типом системы запуска; с возможностью параллельной работы; режим работы аварийный; без системы утилизации тепла; с комплектацией счетчиком топлива с индикацией по месту и вычислителем; с прибором учета выработанной электроэнергии; без выносного пульта управления; в сейсмостойком исполнении; климатического исполнения УХЛ (для умеренного и холодного климата), категория размещения 1 (на открытом воздухе согласно ГОСТ 15150 (табл. 2). ДЭС-1600-К-0,4-3-G2-0-Э-ПЖ-Р3-А-0-СУт1-УЭ-0-0-0-С-УХЛ-1 Комплектация по обосновывающему документу 0092.049.Р.13/1.0004.ВЖК.000.4401.031-ЭМ.ОЛ (изм.2). Масса-40, т";ЗЕЛЁНЫЙ;True;;
009256_УСВР_СМР_1-7_КАЗ(1).xlsx;Готово;1243;19-433041-С;"ООО Завод ""Современные технологии изоляции"", Россия, г. Челябинск, ИНН 7453316245, КПП 772901000, info@zsti.ru";7453316245;Тройник П 108х4+1д25х3 - 57х3+1д25х3- ППУ-ОЦ 315-200 тип 3-а ТУ 23.99.19-004-19833317-2019 ст.09Г2С ГОСТ17376-2001 Пк-40 ТУ 24.20.40-021-19833317-2022, ст.20 ГОСТ 8734-75 с шаровым краном спускника DN 50 PN 25 кгс/см2 ст.09Г2С по типу ТУ 24.20.40-021-19833317-2022 Комплектация по обосновывающему документу 0092.049.Р.13/1.0004.ВПК.001.2401.000-НВК.Н2 инв.№10184341.;Тройник П 108х4+1д25х3 - 57х3+1д25х3- ППУ-ОЦ 315-200 тип 3-а ст.09Г2С ГОСТ17376-2001 Пк-40, ст.20 ГОСТ 8734-75 с шаровым краном спускника DN 50 PN 25 кгс/см2 ст.09Г2С Комплектация по обосновывающему документу 0092.049.Р.13/1.0004.ВПК.001.2401.000-НВК.Н2 инв.№10184341;ЗЕЛЁНЫЙ;True;;
009256_СВО_1-7_98.3(1).xlsx;выборка оборудования;2442;634-411699;"ООО ""Газснабинвест"", ИНН 6450925261";6450925261;Оголовок продувочной свечи на сбросную трубу наружным диаметром 57 мм с толщиной стенки 4 мм, из стали 09Г2С, с давлением рабочей среды 8,0 МПа, вид климатического исполнения ХЛ1 ОПС 57х4 09Г2С-8,0 ТУ 1469-020-96950580-2011.;Оголовок продувочной свечи на сбросную трубу наружным диаметром 57 мм с толщиной стенки 4 мм, из стали 09Г2С, с давлением рабочей среды 8,0 МПа, вид климатического исполнения ХЛ1 ОПС 57х4 09Г2С-8,0;ЗЕЛЁНЫЙ;True;;
009256_СВО_1-7_98.3(1).xlsx;выборка оборудования;2419;679-110914;"ОАО ""Пермский Телефонный Завод ""Телта"", ИНН 5902250015";5902250015;Аппарат телефонный Телта-214. Масса-0,0008 т.;Аппарат телефонный Телта-214. Масса-0,0008 т;ЗЕЛЁНЫЙ;True;;
009256_СВО_1-7_98.3(1).xlsx;выборка оборудования;324;658-501749-1;"ГК ""Специальные системы и технологии"", ИНН 5029015168";5029015168;Щит питания и управления электрообогревом по типу ТУ 27.90.40-650-88851935-2019 Комплектация по обосновывающему документу 0092.049.Р.13/1.0004.КОС.045.4702.000-ЭОЭ.ОЛ1 (изм.1). Масса-1, т.;Щит питания и управления электрообогревом Комплектация по обосновывающему документу 0092.049.Р.13/1.0004.КОС.045.4702.000-ЭОЭ.ОЛ1 (изм.1). Масса-1, т;ЗЕЛЁНЫЙ;True;;
009256_УСВР_СМР_1-7_КАЗ(1).xlsx;Готово;2122;19-334773-С;"АО ""Алексинстройконструкция"", ИНН 7111000104";7111000104;"Комплект элементов МГК 1,5 м (оголовок), полезная длина секции - 1095 мм: ЛМГ36.015.40М - 3 шт., толщина металла - 4,0 мм с дополнительным антикоррозионным покрытием для северных условий; болты сфМ20-6gx40.88 - 51 шт.; гайки сфМ20-6Н.6 - 51 шт. по типу ТУ 5264-001-01375096-2005.";"Комплект элементов МГК 1,5 м (оголовок), полезная длина секции - 1095 мм: ЛМГ36.015.40М - 3 шт., толщина металла - 4,0 мм с дополнительным антикоррозионным покрытием для северных условий; болты сфМ20-6gx40.88 - 51 шт.; гайки сфМ20-6Н.6 - 51 шт";ЗЕЛЁНЫЙ;True;;
009256_УСВР_СМР_1-7_КАЗ(1).xlsx;Готово;918;13-250061-С;"ООО НПП ""ИНТЕХ"" , Россия, г. Уфа, ИНН 0276132981, КПП 027601001, zakaz@ecabel.com";0276132981;Кабель 16х1,5ок КуПе-Бнг(А)-LS-ХЛ по типу ТУ 3581-001-92800518-2012.;Кабель 16х1,5ок КуПе-Бнг(А)-LS-ХЛ;ЗЕЛЁНЫЙ;True;;
009256_СВО_1-7_98.3(1).xlsx;выборка оборудования;1543;6310-406696;"АО ""Промышленная группа ""Метран"", Россия, г.Челябинск, ИНН 7448024720, КПП 745301001, sales-1@metran.ru";7448024720;Уровнемер радарный волноводный Метран серии 5300, по типу ТУ 4214-070-51453097-2015, комплектация по обосновывающему документу 0092.049.Р.13/1.0004.УКПГ.045.0721.004-АТХ2.ОЛ инв.№10171787. Масса-0,008 т.;Уровнемер радарный волноводный 5300, комплектация по обосновывающему документу 0092.049.Р.13/1.0004.УКПГ.045.0721.004-АТХ2.ОЛ инв.№10171787. Масса-0,008 т;ЗЕЛЁНЫЙ;True;Метран + модельный индекс;
009256_СВО_1-7_98.3(1).xlsx;выборка оборудования;887;603-379327-Ш;"АО ""ГМС Ливгидромаш"", Россия, г.Ливны, ИНН 5702000265, КПП 570201001, lgm@hms-livgidromash.ru";5702000265;Шефмонтажные работы. Блок дозирования метанола 60Н-2 по типу ТУ 28.13.12-344-00217975-2016 комплектация по обосновывающему документу 0092.049.Р.13/1.0004.УКПГ.045.0507.022-ТХ.ОЛ2 инв.№10172264. Масса-0 т.;Шефмонтажные работы. Блок дозирования метанола 60Н-2 комплектация по обосновывающему документу 0092.049.Р.13/1.0004.УКПГ.045.0507.022-ТХ.ОЛ2 инв.№10172264. Масса-0 т;ЗЕЛЁНЫЙ;True;;
009256_УСВР_СМР_1-7_КАЗ(1).xlsx;Готово;2330;19-447641-С;"АО ""Амира"" , Россия, Санкт-Петербург, ИНН 7806013181, КПП 780601001, amira@amira.ru";7806013181;Молниеотвод (Н-30м) по типу ТУ 96766379-008-2017 Комплектация по обосновывающему документу 0092.049.Р.13/1.0004.УОК.010.4605.000-ЭГ.ОЛ инв.№016398/0004.;Молниеотвод (Н-30м) Комплектация по обосновывающему документу 0092.049.Р.13/1.0004.УОК.010.4605.000-ЭГ.ОЛ инв.№016398/0004;ЗЕЛЁНЫЙ;True;;
009256_СВО_1-7_98.3(1).xlsx;выборка оборудования;1989;620-272882;"ООО ""ТД ФОКУС"", Россия, г.Фрязино, ИНН 5050116994, КПП 505001001, info@ledsvet.ru";5050116994;Светильник светодиодный с универсальным креплением, рассеиватель призма, 4000 К, IP54, 30 Вт, 230 В СПВО-30 Офис 7 Д ПЛ ТУ 27.40.39-011-01281952-2021.;Светильник светодиодный с универсальным креплением, рассеиватель призма, 4000 К, IP54, 30 Вт, 230 В СПВО-30 Офис 7 Д ПЛ;ЗЕЛЁНЫЙ;True;;
009256_СВО_1-7_98.3(1).xlsx;выборка оборудования;1447;6210-282474;"АО НПП ""Эталон"", ИНН 5504087401";5504087401;Датчик температуры многозонный цифровой, 15 м, 18 датчиков МЦДТ 0922-2-1-18-2,0-(9х0,5+5х1,0+2х2,0+1х1,0)-У1-Ex МКСН.405226.001 ТУ.;Датчик температуры многозонный цифровой, 15 м, 18 датчиков 0922-2-1-18-2,0-(9х0,5+5х1,0+2х2,0+1х1,0)-У1-Ex МКСН.405226.001;ЗЕЛЁНЫЙ;True;МЦДТ;
009256_СВО_1-7_98.3(1).xlsx;выборка оборудования;1113;604-468814-Ш;"ООО ""Инициатива"", ИНН 7716050936";7716050936;Шефмонтажные работы. Пункт секционирования ПСС-10-м ТУ 3414-001-40244947-2008 Комплектация по обосновывающему документу 0092.049.Р.13/1.0004.ВЭЛ.424.4703.000-ЭВ.ОЛ1 (изм.1) инв.№016164/0004.;Шефмонтажные работы. Пункт секционирования Комплектация по обосновывающему документу 0092.049.Р.13/1.0004.ВЭЛ.424.4703.000-ЭВ.ОЛ1 (изм.1) инв.№016164/0004;ЗЕЛЁНЫЙ;True;ПСС-10-М;
009256_УСВР_СМР_1-7_КАЗ(1).xlsx;Готово;1211;13-344892-С;"АО ""Акционерная компания ""Корвет"", ИНН 4501006138";4501006138;Соединение быстроразъемное БРС.41.000 209АФ.00.000 ТУ.;Соединение быстроразъемное БРС.41.000 209АФ.00.000;ЗЕЛЁНЫЙ;True;;
009256_СВО_1-7_98.3(1).xlsx;выборка оборудования;1948;658-483402;"ООО Завод ""Световые технологии"", ИНН 6229028102";6229028102;Светильник светодиодный с блоком аварийного питания, крепление на поверхность потолка, 70 Вт, УХЛ2, IP54. Код светильника - 1499001190 LHT 1500 EM 5000К ТУ 27.40.25-003-88466159-2024.;Светильник светодиодный с блоком аварийного питания, крепление на поверхность потолка, 70 Вт, УХЛ2, IP54. Код светильника - 1499001190 LHT 1500 EM 5000К;ЗЕЛЁНЫЙ;True;;
009256_СВО_1-7_98.3(1).xlsx;выборка оборудования;1852;6310-406876;"ЗАО ""Эмис"", Россия, г. Челябинск, ИНН 7729428453, КПП 745201001, sales@emis-kip.ru";7729428453;Расходомер электромагнитный Расходомер ЭМИС-МАГ 270 по типу ТУ 4213-030-14145564-2011 Комплектация по обосновывающему документу 0092.049.Р.13/1.0004.УКПГ.045.3114.204-АК.ОЛ1 инв.№10176224. Масса-0,0125 т.;Расходомер электромагнитный Расходомер -МАГ 270 Комплектация по обосновывающему документу 0092.049.Р.13/1.0004.УКПГ.045.3114.204-АК.ОЛ1 инв.№10176224. Масса-0,0125 т;ЗЕЛЁНЫЙ;True;ЭМИС;
009256_СВО_1-7_98.3(1).xlsx;выборка оборудования;1603;678-76563;"ЗАО ""Завод энергозащитных устройств"", ИНН 7802170835";7802170835;Ограничитель перенапряжений нелинейный мультиградиентный МОПН-П/ЗЭУ-10/12,0/10/400 УХЛ1 по типу ТУ 3414-023-56227313-2007№ 50-01/МШ-010278 от 15 октября 2020 г. п. 7. Масса-0,0022 т.;Ограничитель перенапряжений нелинейный мультиградиентный МОПН-П/ЗЭУ-10/12,0/10/400 УХЛ1 № 50-01/МШ-010278 от 15 октября 2020 г. п. 7. Масса-0,0022 т;ЗЕЛЁНЫЙ;True;;
009256_СВО_1-7_98.3(1).xlsx;выборка оборудования;2662;103-185431-С;"АО ""Курский электроаппаратный завод"", ИНН 4629003691";4629003691;Выключатель автоматический OptiDin ВМ63-1C6-DC-УХЛ3 по типу ТУ 3421-040-05758109-2009.;Выключатель автоматический OptiDin ВМ63-1C6-DC-УХЛ3;ЗЕЛЁНЫЙ;True;;
009256_СВО_1-7_98.3(1).xlsx;выборка оборудования;345;643-450541;"ООО ""Уральский завод специального арматуростроения"", Россия, г. Челябинск, ИНН 7451403608, КПП 745101001, uzsa@uzsa.ru";7451403608;Кран шаровой специальный DN 150 PN 200 кгс/см2 с электроприводом, под приварку, подземной установки, климатическое исполнение ХЛ1 КШС-3-DN150-PN200-ЭП-Св-ПЗ-С8-ХЛ1 по типу ТУ 3742-031-75432272-2016 комплектация по обосновывающему документу 0092.049.Р.13/1.0004.УОК.011.0000.000-ТЛ.ОЛ2 инв.№013693/0004. Масса-0,377 т.;Кран шаровой специальный DN 150 PN 200 кгс/см2 с электроприводом, под приварку, подземной установки, климатическое исполнение ХЛ1 КШС-3-DN150-PN200-ЭП-Св-ПЗ-С8-ХЛ1 комплектация по обосновывающему документу 0092.049.Р.13/1.0004.УОК.011.0000.000-ТЛ.ОЛ2 инв.№013693/0004. Масса-0,377 т;ЗЕЛЁНЫЙ;True;;
009256_СВО_1-7_98.3(1).xlsx;выборка оборудования;1866;105-507131-С;"ООО НПО ""Чистый Поток"", ИНН 0276957502";0276957502;Магнитная вставка для фильтра жидкостного ФЖ-1-300-1,6-1-2-0,2 ЧЕРТЕЖ П.783.00.00.000 ВО.;Магнитная вставка для фильтра жидкостного ФЖ-1-300-1,6-1-2-0,2 ЧЕРТЕЖ П.783.00.00.000 ВО;ЗЕЛЁНЫЙ;True;;
009256_СВО_1-7_98.3(1).xlsx;выборка оборудования;331;641-444076;"ЗАО ""АлтайСпецИзделия"", Россия, г.Барнаул, ИНН 2224130666, КПП 222201001, altaispecisdelia@yandex.ru";2224130666;Блок-контейнер управления (операторная). Габариты, мм - 10000х2500х3000 ТУ 5363-003-88960156-2013 Комплектация по обосновывающему документу 0092.049.Р.13/1.0004.ВЖК.000.3213.051-ТХВ.ОЛ1 инв.№012801/0004.;Блок-контейнер управления (операторная). Габариты, мм - 10000х2500х3000 Комплектация по обосновывающему документу 0092.049.Р.13/1.0004.ВЖК.000.3213.051-ТХВ.ОЛ1 инв.№012801/0004;ЗЕЛЁНЫЙ;True;;
009256_СВО_1-7_98.3(1).xlsx;выборка оборудования;528;630-407172;"ООО ""ПГА-Инжиниринг"", Россия, Москва, ИНН 9717081271, КПП 500301001, info@pgaeng.ru";9717081271;Установка газового пожаротушения автоматическая по типу ТУ 28.29.22-003-39107398-2019 Комплектация по обосновывающему документу 0092.049.Р.13/1.0004.УКПГ.045.0507.022-ГПТ.ОЛ2 инв.№10172635. Масса-1,162 т.;Установка газового пожаротушения автоматическая Комплектация по обосновывающему документу 0092.049.Р.13/1.0004.УКПГ.045.0507.022-ГПТ.ОЛ2 инв.№10172635. Масса-1,162 т;ЗЕЛЁНЫЙ;True;;
009256_СВО_1-7_98.3(1).xlsx;выборка оборудования;543;648-468806-1;"ООО ""Инициатива"", ИНН 7716050936";7716050936;Пункт секционирования ПСС-10-м ТУ 3414-001-40244947-2008 Комплектация по обосновывающему документу 0092.049.Р.13/1.0004.ВЭЛ.009.4703.000-ЭВ.ОЛ (изм.1) инв.№018895/0004.;Пункт секционирования Комплектация по обосновывающему документу 0092.049.Р.13/1.0004.ВЭЛ.009.4703.000-ЭВ.ОЛ (изм.1) инв.№018895/0004;ЗЕЛЁНЫЙ;True;ПСС-10-М;
009256_СВО_1-7_98.3(1).xlsx;выборка оборудования;1020;604-437455-Ш;"АО ""Трубопроводные системы и технологии"" (АО ""ТСТ""), Россия, г. Щёлково, ИНН 5012034772, КПП 505001001, info@pipe-st.ru";5012034772;Шефмонтажные работы. Подсистема коррозионного мониторинга ПКМ-ТСТ по типу ТУ-3435-012-93719333-2012. Комплектация по обосновывающему документу 0092.049.Р.13/1.0004.ПАД.001.0000.000-ЭХЗ.ОЛ инв.№10185611. Масса-0 т.;Шефмонтажные работы. Подсистема коррозионного мониторинга Комплектация по обосновывающему документу 0092.049.Р.13/1.0004.ПАД.001.0000.000-ЭХЗ.ОЛ инв.№10185611. Масса-0 т;ЗЕЛЁНЫЙ;True;ПКМ-ТСТ;
009256_СВО_1-7_98.3(1).xlsx;выборка оборудования;61;631-399721;"АО ""Акционерная компания ""Корвет"", Россия, г.Курган, ИНН 4501006138, КПП 450101001, info@korvet-jsc.ru";4501006138;Модуль автоматизированной технологической обвязки скважин МОС-5/2 Чертеж МОС-31 ВО. Масса-13,5 т.;Модуль автоматизированной технологической обвязки скважин МОС-5/2 Чертеж МОС-31 ВО. Масса-13,5 т;ЗЕЛЁНЫЙ;True;;
009256_СВО_1-7_98.3(1).xlsx;выборка оборудования;2079;648-466800;"ООО ""ПУ ""Казаньэлектрощит"", ИНН 1659033810";1659033810;"Устройство вводно-распределительное, 400В, N+PE в составе: вводной коммутационный аппарат - ВН-32 3Р 63А - 1шт.; отходящие коммутационные аппараты - ВА47-29-1С4-УХЛ3-КЭАЗ - 23шт. ВРУ8-15-3Н-304-31 УХЛ4 по типу ТУ 3434-010-33874352-2015№ 50-01/АВ-001408 от 20 января 2025 г. п. 4. Масса-0,01 т.";"Устройство вводно-распределительное, 400В, N+PE в составе: вводной коммутационный аппарат - ВН-32 3Р 63А - 1шт.; отходящие коммутационные аппараты - ВА47-29-1С4-УХЛ3-КЭАЗ - 23шт. ВРУ8-15-3Н-304-31 УХЛ4 № 50-01/АВ-001408 от 20 января 2025 г. п. 4. Масса-0,01 т";ЗЕЛЁНЫЙ;True;;
009256_СВО_1-7_98.3(1).xlsx;выборка оборудования;1604;648-451426;"ООО ""ПУ ""Казаньэлектрощит"", Россия, г.Казань, ИНН 1659033810, КПП 166001001, nikolaev@kazanelectro.ru";1659033810;"Шкаф силовой распределительный ~400В со счетчиком ""СЭТ-4ТМ.02М.15"" и УЗИП I+II класса, напольный, размером 2200(h)х600х600, (N,PE) в составе: вводной коммутационный аппарат - ВА57-35-34001020 УХЛ3, 160А, - 1шт.; отходящие коммутационные аппараты - ВА47-29-1С4-УХЛ3-КЭАЗ - 1шт.; ВА47-29-1С16-УХЛ3-КЭАЗ - 2шт.; ВА47-29-1С25-УХЛ3-КЭАЗ - 1шт.; ВА47-29-3С25-УХЛ3-КЭАЗ - 1шт.; ВА47-29-3С40-УХЛ3-КЭАЗ - 1шт.; ВА47-29-3С63-УХЛ3-КЭАЗ - 2шт.; АВДТ32-22С16-А-УХЛ4-КЭАЗ - 3шт.; АВДТ32-22С25-А-УХЛ4-КЭАЗ - 1шт.; АД14-42С16-АС-УХЛ4 - 10шт.; АД14-42С32-АС-УХЛ4 - 1шт.; дополнительные комплектующие - УЗДП63-1-16А IEK, - 3шт.; УЗДП63-1-25А IEK, - 1шт.; ПМЛ-1160М-10А-220АС-УХЛ4-Б-КЭАЗ - 1шт.; РТЛ-1006-2-25А-(1,0-1,6А)-УХЛ4-КЭАЗ - 1шт.; ВА47-НР230-КЭАЗ, - 1шт. ПР УХЛ3.1 IP31 ТУ 3434-010-33874352-2015.";"Шкаф силовой распределительный ~400В со счетчиком ""СЭТ-4ТМ.02М.15"" и УЗИП I+II класса, напольный, размером 2200(h)х600х600, (N,PE) в составе: вводной коммутационный аппарат - ВА57-35-34001020 УХЛ3, 160А, - 1шт.; отходящие коммутационные аппараты - ВА47-29-1С4-УХЛ3-КЭАЗ - 1шт.; ВА47-29-1С16-УХЛ3-КЭАЗ - 2шт.; ВА47-29-1С25-УХЛ3-КЭАЗ - 1шт.; ВА47-29-3С25-УХЛ3-КЭАЗ - 1шт.; ВА47-29-3С40-УХЛ3-КЭАЗ - 1шт.; ВА47-29-3С63-УХЛ3-КЭАЗ - 2шт.; АВДТ32-22С16-А-УХЛ4-КЭАЗ - 3шт.; АВДТ32-22С25-А-УХЛ4-КЭАЗ - 1шт.; АД14-42С16-АС-УХЛ4 - 10шт.; АД14-42С32-АС-УХЛ4 - 1шт.; дополнительные комплектующие - УЗДП63-1-16А IEK, - 3шт.; УЗДП63-1-25А IEK, - 1шт.; ПМЛ-1160М-10А-220АС-УХЛ4-Б-КЭАЗ - 1шт.; РТЛ-1006-2-25А-(1,0-1,6А)-УХЛ4-КЭАЗ - 1шт.; ВА47-НР230-КЭАЗ, - 1шт. ПР УХЛ3.1 IP31";ЗЕЛЁНЫЙ;True;;
009256_СВО_1-7_98.3(1).xlsx;выборка оборудования;2761;103-201175-С;"ООО ""Элтех-сервис"", Россия, г. Омск";5506045132;"Оповещатель комбинированный с красной надписью ""Загазованность"" на белом фоне ""Молния-24-З"" по типу ТУ 4372-025-56433581-2016. Масса-0,0003 т.";"Оповещатель комбинированный с красной надписью ""Загазованность"" на белом фоне ""Молния-24-З"" Масса-0,0003 т";ЗЕЛЁНЫЙ;True;;
009256_СВО_1-7_98.3(1).xlsx;выборка оборудования;1417;6310-373934;"АО ""Сигма-Оптик"" , Россия, п/о Менделеево, ИНН 7735004572, КПП 773501001, admin@sigma-optic.ru";7735004572;Датчик-сигнализатор акустический превышения уровней содержания твердых включений в потоке газа в трубопроводе ДСП-АКЭ-2 МГФК.413163.002 по типу ТУ(4215-001-35258752-02 по типу ТУ) Комплектация по обосновывающему документу 0092.049.Р.13/1.0004.Кг.505.0000.000-АТТ.ОЛ3 инв.№10170338№ 50-01/АВ-052742 от 1 декабря 2023 г. п. 13. Масса-0,04 т.;Датчик-сигнализатор акустический превышения уровней содержания твердых включений в потоке газа в трубопроводе Комплектация по обосновывающему документу 0092.049.Р.13/1.0004.Кг.505.0000.000-АТТ.ОЛ3 инв.№10170338№ 50-01/АВ-052742 от 1 декабря 2023 г. п. 13. Масса-0,04 т;ЗЕЛЁНЫЙ;True;ДСП-АКЭ-2 | МГФК.;
009256_СВО_1-7_98.3(1).xlsx;выборка оборудования;1669;630-268628;"ООО ""ГАЗСНАБ"", Россия, г. Санкт-Петербург, ИНН 6140032807, КПП 381201001, info@gaz-snab.com";6140032807;Светильник светодиодный для ЖКХ ОЭСС СД 18К УХЛ1 IP65 по типу ТУ 3461-001-38442947-2015 (ТУ 27.40.39-001-38442947-2017). Масса-0,0009 т.;Светильник светодиодный для ЖКХ ОЭСС СД 18К УХЛ1 IP65. Масса-0,0009 т;ЗЕЛЁНЫЙ;True;;
009256_УСВР_СМР_1-7_КАЗ(1).xlsx;Готово;1320;19-424008-С;"ООО Завод ""Современные технологии изоляции"", Россия, г. Челябинск, ИНН 7453316245, КПП 772901000, info@zsti.ru";7453316245;Элемент Z-образный Ст 89х5 Пк-40 ТУ 1469-003-67983609-2012 +1д25х3 - 550/1400/550 ППУ ОЦ 280 Тип 1 ТУ 23.99.19-004-19833317-2019 Комплектация по обосновывающему документу 0092.049.Р.13/1.0004.ВПК.002.2402.000-НВ.Н1 инв.№10180258.;Элемент Z-образный Ст 89х5 Пк-40 +1д25х3 - 550/1400/550 ППУ ОЦ 280 Тип 1 Комплектация по обосновывающему документу 0092.049.Р.13/1.0004.ВПК.002.2402.000-НВ.Н1 инв.№10180258;ЗЕЛЁНЫЙ;True;;
009256_УСВР_СМР_1-7_КАЗ(1).xlsx;Готово;1170;19-306843-С;"ООО ""Белэнергомаш-БЗЭМ"", ИНН 3123315768";3123315768;Тройник Т I 325(19К48)х89(8К48)-12,5(18,75)-В-210-60 ТУ 1469-017-38948552-2015.;Тройник Т I 325(19К48)х89(8К48)-12,5(18,75)-В-210-60;ЗЕЛЁНЫЙ;True;;
009256_УСВР_СМР_1-7_КАЗ(1).xlsx;Готово;1585;23-274945-С;"ООО ""Арматурный завод"", Россия, г.Уфа, ИНН 0278170037, КПП 027601001, armz@arm-z.ru";0278170037;"Кран шаровой двухходовой условного диаметра DN 40 PN 16 кгс/см2 (1,6 МПа) с ручным приводом, тип присоединения к трубопроводу - муфтовое с трубной резьбой G 1""1/2, основной материал деталей- 09Г2С, материал уплотнения - PTFE КШ.1.фт-40-16.09Г2С.MG1.р1 по типу ТУ 3742-016-64164940-2011.";"Кран шаровой двухходовой условного диаметра DN 40 PN 16 кгс/см2 (1,6 МПа) с ручным приводом, тип присоединения к трубопроводу - муфтовое с трубной резьбой G 1""1/2, основной материал деталей- 09Г2С, материал уплотнения - PTFE КШ.1.фт-40-16.09Г2С.MG1.р1";ЗЕЛЁНЫЙ;True;;
009256_УСВР_СМР_1-7_КАЗ(1).xlsx;Готово;1623;19-447601-С;"ООО НПО ""Фундаментстройаркос"", ИНН 7203106421";7203106421;"Термостабилизатор ТСГ-17; Комплектация по обосновывающему документу 0092.049.Р.13/1.0004.УКПГ.045.5102.000-ТСГ5.ОЛ6 инв.№016100/0004.";"Термостабилизатор ТСГ-17; Комплектация по обосновывающему документу 0092.049.Р.13/1.0004.УКПГ.045.5102.000-ТСГ5.ОЛ6 инв.№016100/0004";ЗЕЛЁНЫЙ;True;;
009256_УСВР_СМР_1-7_КАЗ(1).xlsx;Готово;2229;19-314454-С;"ЗАО ""ПРОИЗВОДСТВЕННАЯ КОМПАНИЯ ""ХИМСЕРВИС"" ИМЕНИ А.А. ЗОРИНА"", ИНН 7116001422";7116001422;"Анод магнетитовый подпочвенный глубинный ""Менделеевец""-МПГ 6МПГ(5-3.4)-200х10(ПКЗ-ПвПп)-ТМ ТУ 27.12.31-051-24707490-2021.";Анод магнетитовый подпочвенный глубинный -МПГ 6МПГ(5-3.4)-200х10(ПКЗ-ПвПп)-ТМ;ЗЕЛЁНЫЙ;True;МЕНДЕЛЕЕВЕЦ;
009256_СВО_1-7_98.3(1).xlsx;выборка оборудования;1539;649-448171;"ООО ""КБ Пожарной Автоматики"", Россия, г.Саратов, ИНН 6452063705, КПП 645201001, support@rubezh.ru";6452063705;Шкаф управления вентилятором адресный, тип электросети: 3-х фазная, мощность двигателя: 3,0кВт, производитель: Schneider Electric, устройство плавного пуска, адресный протокол: R2 ШУН/В-3,0-01-УПП-R2, ПАСН.425412.010 по типу ТУ. Масса-0,012 т.;Шкаф управления вентилятором адресный, тип электросети: 3-х фазная, мощность двигателя: 3,0кВт, устройство плавного пуска, адресный протокол: R2 ШУН/В-3,0-01-УПП-R2, ПАСН.425412.010. Масса-0,012 т;ЗЕЛЁНЫЙ;True;;
009256_УСВР_СМР_1-7_КАЗ(1).xlsx;Готово;897;13-210304-С;"ООО НПП ""Спецкабель"", ИНН 7701165130";7701165130;Кабель 2х2эх0,75 СКАБ 250Кнг(А)-HF-ХЛ по типу ТУ 16.К99-061-2013.;Кабель 2х2эх0,75 СКАБ 250Кнг(А)-HF-ХЛ;ЗЕЛЁНЫЙ;True;;
009256_СВО_1-7_98.3(1).xlsx;выборка оборудования;40;651-482475-2;"АО ""Уромгаз"", ИНН 6670021409";6670021409;Установка автомобильная газонаполнительная компрессорная станция типа ББТ-АГНКС в составе: блок технологический (КПГ), колонка газозаправочная (3 шт), блок входных кранов ТУ 4575-070-59955467-09 Комплектация по обосновывающему документу 0092.049.Р.13/1.0004.ВЖК.000.3213.051-ТХВ.ТТ (изм.2).;Установка автомобильная газонаполнительная компрессорная станция типа ББТ-АГНКС в составе: блок технологический (КПГ), колонка газозаправочная (3 шт), блок входных кранов Комплектация по обосновывающему документу 0092.049.Р.13/1.0004.ВЖК.000.3213.051-ТХВ.ТТ (изм.2);ЗЕЛЁНЫЙ;True;;
009256_СВО_1-7_98.3(1).xlsx;выборка оборудования;348;631-374123;"ООО ""ПТИМАШ"", Россия, г.Димитровград, ИНН 7302021384, КПП 730201001, ptimash@ptimash.ru";7302021384;Резервуар наземный горизонтальный стальной хозяйственно-питьевого запаса воды V-50 м3 по типу ТУ 3615-002-25435667-2011 комплектация по обосновывающему документу 0092.049.Р.13/1.0004.УКПГ.045.2223.055-ВК.ОЛ инв.№10170113. Масса-12, т.;Резервуар наземный горизонтальный стальной хозяйственно-питьевого запаса воды V-50 м3 комплектация по обосновывающему документу 0092.049.Р.13/1.0004.УКПГ.045.2223.055-ВК.ОЛ инв.№10170113. Масса-12, т;ЗЕЛЁНЫЙ;True;;
009256_СВО_1-7_98.3(1).xlsx;выборка оборудования;501;633-372721;"ООО""Бантер Групп"", Россия, г.Екатеринбург, ИНН 7203295433, КПП 667801001, info@bunter.ru";7203295433;Свеча рассеивания 60C-1 по типу ТУ 3667-019-27016963-2017 комплектация по обосновывающему документу 0092.049.Р.13/1.0004.УКПГ.045.0303.024-ТХ1.ОЛ1 инв.№10169924. Масса-1,2 т.;Свеча рассеивания 60C-1 комплектация по обосновывающему документу 0092.049.Р.13/1.0004.УКПГ.045.0303.024-ТХ1.ОЛ1 инв.№10169924. Масса-1,2 т;ЗЕЛЁНЫЙ;True;;
009256_СВО_1-7_98.3(1).xlsx;выборка оборудования;185;633-395875;"ООО Завод Противопожарного Оборудования ""ГАЗБАЛТПРОМ"", Россия, г.Петрозаводск, ИНН 1001353434, КПП 100101001, info@gazbaltprom.ru";1001353434;"Станция струйных аппаратов с одним струйным аппаратом производительностью 200 куб.м/час, с одной эжекторной системой, стационарного способа установки, эжекторная система неподвижная; с глубиной погружения до десяти метров, с системой автоматического управления, с системой обогрева - чехлы теплоизоляционные утепляющие с обогревом посредством греющего кабеля ССА-Н300-200/1-0092.Р13/1.048 по типу ТУ 42.21.13-021-63887518-2021 комплектация по обосновывающему документу 0092.049.Р.13/1.0004.УКПГ.045.2038.048-ВК.ОЛ инв.№10173352. Масса-2,5 т.";"Станция струйных аппаратов с одним струйным аппаратом производительностью 200 куб.м/час, с одной эжекторной системой, стационарного способа установки, эжекторная система неподвижная; с глубиной погружения до десяти метров, с системой автоматического управления, с системой обогрева - чехлы теплоизоляционные утепляющие с обогревом посредством греющего кабеля ССА-Н300-200/1-0092.Р13/1.048 комплектация по обосновывающему документу 0092.049.Р.13/1.0004.УКПГ.045.2038.048-ВК.ОЛ инв.№10173352. Масса-2,5 т";ЗЕЛЁНЫЙ;True;;
009256_СВО_1-7_98.3(1).xlsx;выборка оборудования;68;658-512978-2;"АО ""Звезда-Редуктор"", ИНН 7811564963";7811564963;"Электростанция дизельная; электрической мощностью 1000 кВт, частотой 50 Гц; степень автоматизации  (третья); с ДГУ в отечественном исполнении; с номинальным напряжением 0,4 кВ; без распределительного устройства; с электрическим типом системы запуска; с автономным предпусковым подогревателем охлаждающей жидкости; с возможностью параллельной работы; режим работы  аварийный; без системы утилизации тепла; с комплектацией счетчиком топлива с индикацией по месту и вычислителем; с прибором учета выработанной электроэнергии; без выносного пульта управления; в сейсмостойком исполнении; климатического исполнения УХЛ (для умеренного и холодного климата), категория размещения 1 (на открытом воздухе согласно ГОСТ 15150-69 (табл. 2). ДЭС-1000-О-0,4-3-G2-0-Э-ПЖ-Р3-А-0-СУт1-УЭ-0-0-0-С-УХЛ-1 по типу ТУ 2711-001-05756754-2024 Комплектация по обосновывающему документу 0092.049.Р.13/1.0004.УКПГ.045.4401.107-ЭМ.ТОЛ (изм.2). Масса-30, т.";"Электростанция дизельная; электрической мощностью 1000 кВт, частотой 50 Гц; степень автоматизации (третья); с ДГУ в отечественном исполнении; с номинальным напряжением 0,4 кВ; без распределительного устройства; с электрическим типом системы запуска; с автономным предпусковым подогревателем охлаждающей жидкости; с возможностью параллельной работы; режим работы аварийный; без системы утилизации тепла; с комплектацией счетчиком топлива с индикацией по месту и вычислителем; с прибором учета выработанной электроэнергии; без выносного пульта управления; в сейсмостойком исполнении; климатического исполнения УХЛ (для умеренного и холодного климата), категория размещения 1 (на открытом воздухе согласно ГОСТ 15150-69 (табл. 2). ДЭС-1000-О-0,4-3-G2-0-Э-ПЖ-Р3-А-0-СУт1-УЭ-0-0-0-С-УХЛ-1 Комплектация по обосновывающему документу 0092.049.Р.13/1.0004.УКПГ.045.4401.107-ЭМ.ТОЛ (изм.2). Масса-30, т";ЗЕЛЁНЫЙ;True;;
009256_СВО_1-7_98.3(1).xlsx;выборка оборудования;529;643-457521;"ООО ""ПТИМАШ"", ИНН 7302021384";7302021384;Ресивер азота V-10м.куб., Рр-1,0МПа ЕМЕ Э 5095.00.000 по типу ТУ 3615-002-25435667-2011, комплектация по обосновывающему документу: 0092.049.Р.13/1.0004.УКПГ.045.1029.100-ТХ.ОЛ4 инв.№018932/0004№ 50-01/АВ-004001 от 5 февраля 2025 г. п. 11. Масса-2,7 т.;Ресивер азота V-10м.куб., Рр-1,0МПа ЕМЕ Э 5095.00.000, комплектация по обосновывающему документу: 0092.049.Р.13/1.0004.УКПГ.045.1029.100-ТХ.ОЛ4 инв.№018932/0004№ 50-01/АВ-004001 от 5 февраля 2025 г. п. 11. Масса-2,7 т;ЗЕЛЁНЫЙ;True;;
009256_УСВР_СМР_1-7_КАЗ(1).xlsx;Готово;2183;19-438342-С;"ООО ""ПК ""Визуальные технологии"", ИНН 5024150815";5024150815;"Знак ""Закрепление трассы газопровода на местности"" А18.Г1.О.Кр.Мо.O108-3400 (с дополнительным плакатом)А17.Г1 по типу ТУ 236730-002-39859684-2024.";"Знак ""Закрепление трассы газопровода на местности"" А18.Г1.О.Кр.Мо.O108-3400 (с дополнительным плакатом)А17.Г1";ЗЕЛЁНЫЙ;True;;
009256_УСВР_СМР_1-7_КАЗ(1).xlsx;Готово;1868;19-423267-С;"ООО ""ГенПроВектор"", Россия, г. Нижний Новгород, ИНН 3257032024, КПП 526101001, info@gp-v.ru";3257032024;Колодец канализационный полиэтиленовый DN 1400мм по типу ТУ 22.29.29-003-29503638-2022 комплектация по обосновывающему документу 0092.049.Р.13/1.0004.УКПГ.045.2406.000-НК2.ОЛ2 инв.№10180134.;Колодец канализационный полиэтиленовый DN 1400мм комплектация по обосновывающему документу 0092.049.Р.13/1.0004.УКПГ.045.2406.000-НК2.ОЛ2 инв.№10180134;ЗЕЛЁНЫЙ;True;;
009256_СВО_1-7_98.3(1).xlsx;выборка оборудования;1496;678-238798;"АО ""Чебоксарский Электроаппаратный завод"", ИНН 2128000600";2128000600;Ящик с понижающим разделительным трансформатором типа ОСР, 220/12В, IP54 ЯТПВ-0,25-1А УХЛ3 БКЖИ.650300.00 по типу ТУ№ 50-023-022184 от 23 мая 2023 г. п. 4. Масса-0,0145 т.;Ящик с понижающим разделительным трансформатором типа ОСР, 220/12В, IP54 ЯТПВ-0,25-1А УХЛ3 № 50-023-022184 от 23 мая 2023 г. п. 4. Масса-0,0145 т;ЗЕЛЁНЫЙ;True;БКЖИ.;
009256_СВО_1-7_98.3(1).xlsx;выборка оборудования;1834;644-120457;"ООО ПКП ""ГазПремиум"", Россия, г.Саратов, ИНН 6452951387, КПП 645201001, gaz-premium@mail.ru";6452951387;Регистр двухрядный из четырех  гладких труб 108х3 длиной 1,5 м, в комплекте с опорами и экраном, с покрытием АРМОКОТ F100 ( цвет серый 0009000 RAL D2 DESIGN) по ТУ 2312-009-23354769-2008 РГТ-2-108х3-1,5м-4-ОП-Э,  по типу ТУ 4936-001-69441315-11. Масса-0,132 т.;Регистр двухрядный из четырех гладких труб 108х3 длиной 1,5 м, в комплекте с опорами и экраном, с покрытием АРМОКОТ F100 ( цвет серый 0009000 RAL D2 DESIGN) по РГТ-2-108х3-1,5м-4-ОП-Э, Масса-0,132 т;ЗЕЛЁНЫЙ;True;;
009256_СВО_1-7_98.3(1).xlsx;выборка оборудования;509;649-451354;"ООО ""Импульс"", Россия, г. Пенза, ИНН 5836313260, КПП 583601001, info@impulspnz.ru";5836313260;Система бесперебойного питания МРЦУ.436133.001 по типу ТУ Комплектация по обосновывающему документу 0092.049.Р.13/1.0004.ВЭЛ.006.0000.000-КЛС.ОЛ инв.№021128/0004. Масса-0,65 т.;Система бесперебойного питания Комплектация по обосновывающему документу 0092.049.Р.13/1.0004.ВЭЛ.006.0000.000-КЛС.ОЛ инв.№021128/0004. Масса-0,65 т;ЗЕЛЁНЫЙ;True;МРЦУ.;
009256_СВО_1-7_98.3(1).xlsx;выборка оборудования;542;648-468805-1;"ООО ""Инициатива"", ИНН 7716050936";7716050936;Пункт секционирования ПСС-10-м ТУ 3414-001-40244947-2008 Комплектация по обосновывающему документу 0092.049.Р.13/1.0004.ВЭЛ.002.4703.000-ЭВ.ОЛ2 (изм.1) инв.№013184/0004.;Пункт секционирования Комплектация по обосновывающему документу 0092.049.Р.13/1.0004.ВЭЛ.002.4703.000-ЭВ.ОЛ2 (изм.1) инв.№013184/0004;ЗЕЛЁНЫЙ;True;ПСС-10-М;
009256_СВО_1-7_98.3(1).xlsx;выборка оборудования;2453;629-179797;"ООО ""КБ Пожарной Автоматики"", ИНН 6452063705";6452063705;Метка адресная Эридан для извещателя пожарного ручного взрывозащищенного МАЭ-Р-R2, ПАСН.423149.070 по типу ТУ№ 50-01/РЧ-028403 от 26 ноября 2019 г. п. 42. Масса-0,000016 т.;Метка адресная Эридан для извещателя пожарного ручного взрывозащищенного МАЭ-Р-R2, ПАСН.423149.070 № 50-01/РЧ-028403 от 26 ноября 2019 г. п. 42. Масса-0,000016 т;ЗЕЛЁНЫЙ;True;;
009256_СВО_1-7_98.3(1).xlsx;выборка оборудования;1110;604-471846-Ш;"ООО ""Протей Технологии"" (ООО ""Протей ТЛ""), ИНН 7802862459";7802862459;"Шефмонтажные работы. Комплект видеокамеры промышленного телевидения стационарной купольной для внутренней установки (0град.С ... +50град.С); разрешение-2МП; угол обзора - 30...90град.; объектив 2.7 -13.5 мм; питание по ""PoE""; потребляемая мощность - не более 10 Вт; в комплекте с потолочным креплением. ПАМР.463437.001 ТУ.";"Шефмонтажные работы. Комплект видеокамеры промышленного телевидения стационарной купольной для внутренней установки (0град.С... +50град.С); разрешение-2МП; угол обзора - 30...90град.; объектив 2.7 -13.5 мм; питание по ""PoE""; потребляемая мощность - не более 10 Вт; в комплекте с потолочным креплением. ПАМР.463437.001";ЗЕЛЁНЫЙ;True;;
009256_СВО_1-7_98.3(1).xlsx;выборка оборудования;925;604-462731-Ш;"ООО ""Элком +"", Россия, г.Томск, ИНН 7019013550, КПП 701701001, tomsk@elcomplus.ru";7019013550;"Шефмонтажные работы. Станция базовая периферийная, в составе: один ретранслятор с двумя приемопередатчиками и один ретранслятор с одним приемопередатчиком стандарта DMR российского производства, 6 логических каналов, 146-174 МГц; комбайнер; дуплексный фильтр; селективная распредпанель; вводная распред-панель питания; коммутатор; питание -48V DC; инвертор 48\220; телекоммуникационный шкаф 19"", сейсмостойкий, 42U (600х800х2000); комплект монтажный, лицензия на подключение к АПК ""Radiusip.RU""; комплект антенно-фидерных устройств в составе: антенна дипольная, два петлевых диполя цельноспаянные с сумматором, 136-174 МГц (D2-VHF) -1шт; грозоразрядник -1шт; коаксиальный кабель 7/8"" -100м; крепежные устройства для кабеля 7/8"" - 150 шт; комплект герметизации разъемов -1шт; разъем для кабеля 7/8"" -2шт; комплект заземления для кабеля 7/8"" -4шт; коаксиальный кабель 3/8"" -10м; разъем для кабеля 3/8"" -2шт ЛКЦМ.464421.RMU-6V-N-IN-S-210.1, по типу ТУ 26.30.23-004-36294750-2018. Масса-0 т.";"Шефмонтажные работы. Станция базовая периферийная, в составе: один ретранслятор с двумя приемопередатчиками и один ретранслятор с одним приемопередатчиком стандарта DMR российского производства, 6 логических каналов, 146-174 МГц; комбайнер; дуплексный фильтр; селективная распредпанель; вводная распред-панель питания; коммутатор; питание -48V DC; инвертор 48\220; телекоммуникационный шкаф 19"", сейсмостойкий, 42U (600х800х2000); комплект монтажный, лицензия на подключение к АПК ""Radiusip.RU""; комплект антенно-фидерных устройств в составе: антенна дипольная, два петлевых диполя цельноспаянные с сумматором, 136-174 МГц (D2-VHF) -1шт; грозоразрядник -1шт; коаксиальный кабель 7/8"" -100м; крепежные устройства для кабеля 7/8"" - 150 шт; комплект герметизации разъемов -1шт; разъем для кабеля 7/8"" -2шт; комплект заземления для кабеля 7/8"" -4шт; коаксиальный кабель 3/8"" -10м; разъем для кабеля 3/8"" -2шт, Масса-0 т";ЗЕЛЁНЫЙ;True;ЛКЦМ.;
009256_УСВР_СМР_1-7_КАЗ(1).xlsx;Готово;2453;23-117788-С;"АО ""Акционерная компания ""Корвет"", Россия, г.Курган, ИНН 4501006138, КПП 450101001, korvet@zaural.ru";4501006138;Задвижка клиновая 30лс15нж DN 50 PN 2,5 МПа, с ручным управлением, климатического исполнения ХЛ, t раб среды до +350 град.С фланцевая, в комплекте с ответными фланцами, крепежом и прокладками КЗКГ-50х2,5-лсМТ 30лс15нж по типу ТУ 3741-002-08620564-97.;Задвижка клиновая 30лс15нж DN 50 PN 2,5 МПа, с ручным управлением, климатического исполнения ХЛ, t раб среды до +350 град.С фланцевая, в комплекте с ответными фланцами, крепежом и прокладками КЗКГ-50х2,5-лсМТ 30лс15нж;ЗЕЛЁНЫЙ;True;;
009256_УСВР_СМР_1-7_КАЗ(1).xlsx;Готово;2023;13-457482-С;"ООО ""ЗАВОД ГОРЭЛТЕХ"", ИНН 7806155468";7806155468;Коробка клеммная взрывозащищенная 1Ex db IIC T5 Gb X, IP66 ЩОРВ362821(4AVK35RD-0-1AVK35TRD-13AVK6-0-3AVK6TK)-1КОВ4MНК/Р(А)-5КОВ2MНК/P/ВЗКВ2П(В)/УВГ975Р24Ф001040, по типу ТУ 27.33.13-033-72453807-2017.;Коробка клеммная взрывозащищенная 1Ex db IIC T5 Gb X, IP66;ЗЕЛЁНЫЙ;True;ЩОРВ;
009256_СВО_1-7_98.3(1).xlsx;выборка оборудования;387;639-344507;"ООО ""Протей Технологии"" (ООО ""Протей ТЛ""), Россия, Санкт-Петербург, ИНН 7802862459, КПП 780201001, sales@protei.ru";7802862459;"Узел опорный, шкаф промышленного телевидения в составе: Комплект пассивного оборудования для подключение до 19 входящих кабелей ВОЛС (SM, 1310 нм); Оборудование сетевой связности ;Оборудование подключения оптических искробезопасных цепей Ex op is; Unum 230 B, 50 Гц, не более 2 кВт, арт. ТГПУКПГ45ОП19 ПАМР.463437.001 ТУ.";"Узел опорный, шкаф промышленного телевидения в составе: Комплект пассивного оборудования для подключение до 19 входящих кабелей ВОЛС (SM, 1310 нм); Оборудование сетевой связности;Оборудование подключения оптических искробезопасных цепей Ex op is; Unum 230 B, 50 Гц, не более 2 кВт, ПАМР.463437.001";ЗЕЛЁНЫЙ;True;;
009256_СВО_1-7_98.3(1).xlsx;выборка оборудования;2354;630-354076;"ООО ""СОНАР"", Россия, г.Москва, ИНН 7704814760, КПП 770401001, sonar@sonarpro.ru";7704814760;Громкоговоритель трансляционный настенный, 100В, мощность 3/1.5Вт SWS-103W, ARMYBEAT ELECTRONIC CO., LTD. Масса-0,0007 т.;Громкоговоритель трансляционный настенный, 100В, мощность 3/1.5Вт SWS-103W, ARMYBEAT ELECTRONIC CO., LTD. Масса-0,0007 т;ЗЕЛЁНЫЙ;True;;
009256_СВО_1-7_98.3(1).xlsx;выборка оборудования;953;604-469592-Ш;"ООО ""НТЦ ПРОТЕЙ"", ИНН 7825483961";7825483961;"Шефмонтажные работы. Комплекс программно-аппаратный в составе: 1) видеокамера промышленного телевидения (стационарная, для внутренней установки (+1 С+50 С); разрешение - 4МП; подключение РoЕ/PoE+; IP66/ IР67)  4 шт.; 2) Опорный пункт - шкаф промышленного телевидения для подключения 4-ех камер (Оборудование сетевой связности 4х10/100/1000BASE-T PoE/PoE+, 1х1000BASE-X (SFP); Комплект пассивного оборудования подключения входящих кабелей ВОЛС, 230 В, 50 Гц; 0,9кВт; навесной, 500(ш)х400(в)х300(г))  1 шт.; Кабель UTP Cat.5e PE 4х2х0.52  4х50м; ЗИП  1 шт. арт. ТГПУКПГ45-122 ПАК Видеопортал ПАМР.463437.001 ТУ.";"Шефмонтажные работы. Комплекс программно-аппаратный в составе: 1) видеокамера промышленного телевидения (стационарная, для внутренней установки (+1 С+50 С); разрешение - 4МП; подключение РoЕ/PoE+; IP66/ IР67) 4 шт.; 2) Опорный пункт - шкаф промышленного телевидения для подключения 4-ех камер (Оборудование сетевой связности 4х10/100/1000BASE-T PoE/PoE+, 1х1000BASE-X (SFP); Комплект пассивного оборудования подключения входящих кабелей ВОЛС, 230 В, 50 Гц; 0,9кВт; навесной, 500(ш)х400(в)х300(г)) 1 шт.; Кабель UTP Cat.5e PE 4х2х0.52 4х50м; ЗИП 1 шт. ПАК Видеопортал ПАМР.463437.001";ЗЕЛЁНЫЙ;True;;
009256_СВО_1-7_98.3(1).xlsx;выборка оборудования;1450;620-70222;"ООО ""Нелидовский Завод Прессмаш"" , Россия, Тверская область, г. Нелидово, ИНН 6912012244, КПП 691201001, nzpressmash@gmail.com";6912012244;Станок вертикальный консольно-фрезерный. Размеры стола, мм-1600х400. Мощность, кВт-14,00. Габариты, мм-2570х2252х2430 6Т13 по типу ТУ 3816- 075-82836797-08№ 50-016-044867 от 18 октября 2022 г. п. 6. Масса-4,3 т.;Станок вертикальный консольно-фрезерный. Размеры стола, мм-1600х400. Мощность, кВт-14,00. Габариты, мм-2570х2252х2430 6Т13 по типу 075-82836797-08№ 50-016-044867 от 18 октября 2022 г. п. 6. Масса-4,3 т;ЗЕЛЁНЫЙ;True;;
009256_УСВР_СМР_1-7_КАЗ(1).xlsx;Готово;979;19-227320-С;"АО ""Волжский трубный завод"", ИНН 3435900186";3435900186;"Труба БШ-С-325,0х24,0-К48-t20/60 бв-470 Н/мм2, бт-290 Н/мм2, ударная вязкость на образцах KCU 50,0Дж/см2 при t--60 град.С, ударная вязкость на образцах KCV 50,0Дж/см2 при t--20 град.С с наружным антикоррозионным монослойным покрытием нормального исполнения ПЭПк-М-Н по ТУ 24.20.13-001-45657335-2017 ООО ""КЗИТ"" по типу ТУ 14-3Р-137-2015.";Труба БШ-С-325,0х24,0-К48-t20/60 бв-470 Н/мм2, бт-290 Н/мм2, ударная вязкость на образцах KCU 50,0Дж/см2 при t--60 град.С, ударная вязкость на образцах KCV 50,0Дж/см2 при t--20 град.С с наружным антикоррозионным монослойным покрытием нормального исполнения ПЭПк-М-Н;ЗЕЛЁНЫЙ;True;;
009256_СВО_1-7_98.3(1).xlsx;выборка оборудования;769;659-272987;"ООО ""Предприятие ""ЭЛТЕКС"", ИНН 5410108110";5410108110;Модуль SFP 1.25 GE, 40 км, SM, 2 волокна, 1310 nm, LC, DDM FH-S3112СDL40. Масса-0,0002 т.;Модуль SFP 1.25 GE, 40 км, SM, 2 волокна, 1310 nm, LC, DDM FH-S3112СDL40. Масса-0,0002 т;ЗЕЛЁНЫЙ;True;;
009256_СВО_1-7_98.3(1).xlsx;выборка оборудования;360;633-399366;"ООО ""ЭЛЬТОННЕФТЕМАШ"", Россия, г. Энгельс, ИНН 6449082507, КПП 644901001, elton@nefmash.ru";6449082507;Блок фильтров DN 50 PN 25 МПа по типу ТУ 28.25.14-002-01454370-2020 комплектация по обосновывающему документу 0092.049.Р.13/1.0004.Кг.424.0000.000-ТХ2.ОЛ1 инв.№10171428. Масса-1,7 т.;Блок фильтров DN 50 PN 25 МПа комплектация по обосновывающему документу 0092.049.Р.13/1.0004.Кг.424.0000.000-ТХ2.ОЛ1 инв.№10171428. Масса-1,7 т;ЗЕЛЁНЫЙ;True;;
009256_СВО_1-7_98.3(1).xlsx;выборка оборудования;2487;61207-110000-2;"""Legrand"", Россия, Москва";7733694200;Ящик с выключателем и клеммником, ~380 В, 50 Гц, 10А, IP54 ЯВШ-С-25 УХЛ3 по типу ТУ 16-536.024-75.;Ящик с выключателем и клеммником, ~380 В, 50 Гц, 10А, IP54 ЯВШ-С-25 УХЛ3;ЗЕЛЁНЫЙ;True;;
009256_СВО_1-7_98.3(1).xlsx;выборка оборудования;2376;640-450899;"АО НПП ""Эталон"", Россия, г.Омск, ИНН 5504087401, КПП 550401001, fgup@omsketalon.ru";5504087401;Датчик температуры многозонный цифровой, 12 м, 16 датчиков МЦДТ 0922-2-1-16-3,0-(9х0,5+5х1,0+1х2,0)-У1-Ex МКСН.405226.001 по типу ТУ. Масса-0,0009 т.;Датчик температуры многозонный цифровой, 12 м, 16 датчиков 0922-2-1-16-3,0-(9х0,5+5х1,0+1х2,0)-У1-Ex МКСН.405226.001. Масса-0,0009 т;ЗЕЛЁНЫЙ;True;МЦДТ;
009256_УСВР_СМР_1-7_КАЗ(1).xlsx;Готово;1246;13-226104-С;"ООО ""Белэнергомаш-БЗЭМ"", ИНН 3123315768";3123315768;Тройник Т I 114(11К48)-22,0(33,0)-В-94-60 ТУ 1469-017-38948552-2015.;Тройник Т I 114(11К48)-22,0(33,0)-В-94-60;ЗЕЛЁНЫЙ;True;;
009256_УСВР_СМР_1-7_КАЗ(1).xlsx;Готово;1844;23-483857-С;"ООО ""Газснабинвест"", ИНН 6450925261";6450925261;Резервуар вертикальный стальной объемом 100м3 ТУ 5265-046-96950580-2016 комплектация по обосновывающему документу 0092.049.Р.13/1.0004.КОС.045.2013.003-ВК.ОЛ.;Резервуар вертикальный стальной объемом 100м3 комплектация по обосновывающему документу 0092.049.Р.13/1.0004.КОС.045.2013.003-ВК.ОЛ;ЗЕЛЁНЫЙ;True;;
009256_СВО_1-7_98.3(1).xlsx;выборка оборудования;818;605-482475-Ш;"АО ""Уромгаз"", ИНН 6670021409";6670021409;Шефмонтажные работы. Установка автомобильная газонаполнительная компрессорная станция типа ББТ-АГНКС в составе: блок технологический (КПГ), колонка газозаправочная (3 шт), блок входных кранов ТУ 4575-070-59955467-09 Комплектация по обосновывающему документу 0092.049.Р.13/1.0004.ВЖК.000.3213.051-ТХВ.ТТ (изм.2).;Шефмонтажные работы. Установка автомобильная газонаполнительная компрессорная станция типа ББТ-АГНКС в составе: блок технологический (КПГ), колонка газозаправочная (3 шт), блок входных кранов Комплектация по обосновывающему документу 0092.049.Р.13/1.0004.ВЖК.000.3213.051-ТХВ.ТТ (изм.2);ЗЕЛЁНЫЙ;True;;
009256_УСВР_СМР_1-7_КАЗ(1).xlsx;Готово;764;19-242814-С;"ООО НПП ""ИНТЕХ"" , ИНН 0276132981";0276132981;Кабель 2х2х4,0-660 ИнСил-ОЭКнг(А)-ХЛ ТУ 3581-008-92800518-2016.;Кабель 2х2х4,0-660 ХЛ;ЗЕЛЁНЫЙ;True;ИнСил;
009256_СВО_1-7_98.3(1).xlsx;выборка оборудования;1642;6010-236927;"ООО ""Валком"" , Россия, Санкт-Петербург, ИНН 7825370005, КПП 781001001, info@valcom.ru";7825370005;Преобразователь давления корабельный комплектно с блоком вентильным ПДК-БВ2-М20Н-М20Г-DN5-PN250-001 АТЛМ.406233.001ТУ-2008, кронштейном для установки сборки ПДК-ВО-И/БВ2 на вертикальную трубу 50 мм, прокладкой уплотнительной ПДК-КУ-П 6х18х1 АТЛМ.406233.001ТУ-2008 - 2шт, протоколом калибровки и табличкой из нержавеющей стали с указанием позиции [2] ПДК-ВО-И-25М0-А-2-М20-Н-01-Д20 АТЛМ.406233.00 по типу ТУ-2008№ 50-01/МШ-011475 от 6 ноября 2020 г. п. 4. Масса-0,0043 т.;Преобразователь давления корабельный комплектно с блоком вентильным ПДК-БВ2-М20Н-М20Г-DN5-PN250-001, кронштейном для установки сборки ПДК-ВО-И/БВ2 на вертикальную трубу 50 мм, прокладкой уплотнительной ПДК-КУ-П 6х18х1 - 2шт, протоколом калибровки и табличкой из нержавеющей стали с указанием позиции [2] ПДК-ВО-И-25М0-А-2-М20-Н-01-Д20 № 50-01/МШ-011475 от 6 ноября 2020 г. п. 4. Масса-0,0043 т;ЗЕЛЁНЫЙ;True;АТЛМ.;
009256_УСВР_СМР_1-7_КАЗ(1).xlsx;Готово;2078;13-236283-С;"ООО ""Инкаб"", ИНН 5904199692";5904199692;Кабель волоконно-оптический ДОТа-П-48У(6х8)-6кН, по типу ТУ 3587-001-88083123-2010.;Кабель волоконно-оптический ДОТа-П-48У(6х8)-6кН;ЗЕЛЁНЫЙ;True;;
009256_СВО_1-7_98.3(1).xlsx;выборка оборудования;1391;6310-418739;"ООО НПО ""Турбулентность-Дон"" , Россия, г.Ростов-на-Дону, ИНН 6141021685, КПП 616501001, info@turbo-don.ru";6141021685;"Расходомер-счетчик газа ультразвуковой ""Turbo Flow"" UFG-F по типу ТУ 4213-012-70670506-2013 комплектация по обосновывающему документу 0092.049.Р.13/1.0004.УКПГ.045.0019.005-АТХ2.ОЛ1 инв.№10179228. Масса-0,092 т.";Расходомер-счетчик газа ультразвуковой комплектация по обосновывающему документу 0092.049.Р.13/1.0004.УКПГ.045.0019.005-АТХ2.ОЛ1 инв.№10179228. Масса-0,092 т;ЗЕЛЁНЫЙ;True;Turbo Flow | UFG-F;
009256_СВО_1-7_98.3(1).xlsx;выборка оборудования;803;603-404121-Ш;"ООО ""ПРОТЭК"", ИНН 7706759515";7706759515;Шефмонтажные работы. Блок эжекторов ЭГ 200, ЭГ 201, ЭГ 202 Технический проект БЭГ 63.0000.00.0 комплектация по обосновывающему документу 0092.049.Р.13/1.0004.УКПГ.045.0019.005-ТХ1.ОЛ8 инв.№10171022.;Шефмонтажные работы. Блок эжекторов ЭГ 200, ЭГ 201, ЭГ 202 Технический проект БЭГ 63.0000.00.0 комплектация по обосновывающему документу 0092.049.Р.13/1.0004.УКПГ.045.0019.005-ТХ1.ОЛ8 инв.№10171022;ЗЕЛЁНЫЙ;True;;
009256_УСВР_СМР_1-7_КАЗ(1).xlsx;Готово;2004;19-192603-С;"ООО ""ССТэнергомонтаж"", Россия, г. Мытищи, ИНН 5029120275, КПП 502901001, Info@sst-em.ru";5029120275;Лента саморегулирующаяся электрическая нагревательная 45ВТХ2-ВР по типу ТУ 001-39803459-2016.;Лента саморегулирующаяся электрическая нагревательная 45ВТХ2-ВР;ЗЕЛЁНЫЙ;True;;
009256_СВО_1-7_98.3(1).xlsx;выборка оборудования;1929;620-320208;"ООО ""ДорХан - Торговый Дом"", Россия, Московская обл., Одинцовский р-н, с. Акулово, ИНН 7722174859, КПП 503201001, info@doorhan.ru";7722174859;Ворота подъемно-секционные промышленные из стальных сэндвич-панелей ISD01. Размер 4200х4200 мм, цвет снаружи RAL 7004 серый, цвет изнутри RAL 9003 белый, вертикальный подъем с электроприводом. Коэффициент теплопроводности не менее 0,80 Вт/(м2 грС), ветровой район II. DoorHan ISD01 ГОСТ 31174-2017№ 50-023-052372 от 29 ноября 2022 г. п. 9. Масса-0,2382 т.;Ворота подъемно-секционные промышленные из стальных сэндвич-панелей ISD01. Размер 4200х4200 мм, цвет снаружи RAL 7004 серый, цвет изнутри RAL 9003 белый, вертикальный подъем с электроприводом. Коэффициент теплопроводности не менее 0,80 Вт/(м2 грС), ветровой район II. DoorHan ISD01 ГОСТ 31174-2017№ 50-023-052372 от 29 ноября 2022 г. п. 9. Масса-0,2382 т;ЗЕЛЁНЫЙ;True;;
009256_СВО_1-7_98.3(1).xlsx;выборка оборудования;568;648-468810-1;"ООО ""Инициатива"", ИНН 7716050936";7716050936;Пункт секционирования ПСС-10-м ТУ 3414-001-40244947-2008 Комплектация по обосновывающему документу 0092.049.Р.13/1.0004.ВЭЛ.012.4703.000-ЭВ.ОЛ (изм.1) инв.№014329/0004.;Пункт секционирования Комплектация по обосновывающему документу 0092.049.Р.13/1.0004.ВЭЛ.012.4703.000-ЭВ.ОЛ (изм.1) инв.№014329/0004;ЗЕЛЁНЫЙ;True;ПСС-10-М;
009256_СВО_1-7_98.3(1).xlsx;выборка оборудования;745;203-38881-С;"АО ""СовПлим"", ИНН 7806019137";7806019137;Агрегат пылеулавливающий производительность 1500 м3/ч с вентилятором FUA-3000 (N-1,1кВт, n-2800об/мин.) ТУ 4861-006-05159840-2001 ПУ-1500 по типу ТУ 3646-009-05159840-2003.;Агрегат пылеулавливающий производительность 1500 м3/ч с вентилятором (N-1,1кВт, n-2800об/мин.) ПУ-1500;ЗЕЛЁНЫЙ;True;FUA;
009256_СВО_1-7_98.3(1).xlsx;выборка оборудования;980;605-501799-Ш;"ООО ""ССТэнергомонтаж"", ИНН 5029120275";5029120275;Шефмонтажные работы. Щит питания и управления электрообогревом ЩЭО по типу ТУ 27.12.31-010-23157615-2017 Комплектация по обосновывающему документу 0092.049.Р.13/1.0004.ВЖК.000.3313.003-ЭОЭ.ОЛ (изм.2). Масса-0 т.;Шефмонтажные работы. Щит питания и управления электрообогревом ЩЭО Комплектация по обосновывающему документу 0092.049.Р.13/1.0004.ВЖК.000.3313.003-ЭОЭ.ОЛ (изм.2). Масса-0 т;ЗЕЛЁНЫЙ;True;;
009256_СВО_1-7_98.3(1).xlsx;выборка оборудования;1610;6310-396821;"АО ""Сигма-Оптик"" , Россия, п/о Менделеево, ИНН 7735004572, КПП 773501001, admin@sigma-optic.ru";7735004572;Датчик-сигнализатор акустический превышения уровней содержания твердых включений в потоке газа в трубопроводе ДСП-АКЭ-2 МГФК.413163.002 по типу ТУ(4215-001-35258752-02 по типу ТУ) Комплектация по обосновывающему документу 0092.049.Р.13/1.0004.Кг.424.0000.000-АТТ1.ОЛ3 инв.№10173108№ 50-01/АВ-002092 от 22 января 2024 г. п. 24. Масса-0,04 т.;Датчик-сигнализатор акустический превышения уровней содержания твердых включений в потоке газа в трубопроводе Комплектация по обосновывающему документу 0092.049.Р.13/1.0004.Кг.424.0000.000-АТТ1.ОЛ3 инв.№10173108№ 50-01/АВ-002092 от 22 января 2024 г. п. 24. Масса-0,04 т;ЗЕЛЁНЫЙ;True;ДСП-АКЭ-2 | МГФК.;
009256_СВО_1-7_98.3(1).xlsx;выборка оборудования;2537;6410-467984;"ЗАО ""Росма"", ИНН 4719015564";4719015564;Термометр биметаллический коррозионностойкий в корпусе диаметром 100мм с радиальным расположением термобаллона, с диапазоном показаний от 0 до +100 град. С, резьбой присоединительного штуцера М20х1,5, с длиной погружения термобаллона 150 мм, класса точности 1,5 Термометр БТ-52.220 (0...+100град.С) М20х1,5. 150. 1,5 ТУ 4211-001-4719015564-2008.;Термометр биметаллический коррозионностойкий в корпусе диаметром 100мм с радиальным расположением термобаллона, с диапазоном показаний от 0 до +100 град. С, резьбой присоединительного штуцера М20х1,5, с длиной погружения термобаллона 150 мм, класса точности 1,5 Термометр (0...+100град.С) М20х1,5. 150. 1,5;ЗЕЛЁНЫЙ;True;БТ-52;
009256_СВО_1-7_98.3(1).xlsx;выборка оборудования;1737;644-447674;"АО ""Трубопроводные системы и технологии"" (АО ""ТСТ""), Россия, г. Щёлково, ИНН 5012034772, КПП 505001001, info@pipe-st.ru";5012034772;Муфта изолирующая монолитная катодной защиты стальных трубопроводов ИММ-57-25,0-ХЛ1 по типу ТУ 3647-006-93719333-2009 комплектация по обосновывающему документу 0092.049.Р.13/1.0004.ГК.003.0000.000-ТЛ.ОЛ3 инв.№009679/0004. Масса-0,011 т.;Муфта изолирующая монолитная катодной защиты стальных трубопроводов ИММ-57-25,0-ХЛ1 комплектация по обосновывающему документу 0092.049.Р.13/1.0004.ГК.003.0000.000-ТЛ.ОЛ3 инв.№009679/0004. Масса-0,011 т;ЗЕЛЁНЫЙ;True;;
009256_СВО_1-7_98.3(1).xlsx;выборка оборудования;1787;640-426365;"ООО ""ПУ ""Казаньэлектрощит"", ИНН 1659033810";1659033810;"Пункт распределительный ~400 В, 50 Гц, номинальный ток 250 А со встроенным счетчиком измерения расхода электрической энергии (типа ""СЭТ-4ТМ.03М.09"") и УЗИП I+II класса, напольного исполнения, размером 1000(В)х650(Ш)х300(Г) мм, (N, PE), вводы кабелей сверху (спецзаказ - УЗИП I+II класса) в составе: ВН-32-363-УХЛ3-КЭАЗ - 1шт.; ВА47-29-1С20-УХЛ3-КЭАЗ - 2шт.; ВА47-29-1С16-УХЛ3-КЭАЗ - 2шт.; ВА47-29-1С10-УХЛ3-КЭАЗ - 5шт. ПР УХЛ4 IP31 по типу ТУ 3434-010-33874352-2015№ 50-021-023375 от 18 июня 2024 г. п. 43. Масса-0,08 т.";"Пункт распределительный ~400 В, 50 Гц, номинальный ток 250 А со встроенным счетчиком измерения расхода электрической энергии (типа ""СЭТ-4ТМ.03М.09"") и УЗИП I+II класса, напольного исполнения, размером 1000(В)х650(Ш)х300(Г) мм, (N, PE), вводы кабелей сверху (спецзаказ - УЗИП I+II класса) в составе: ВН-32-363-УХЛ3-КЭАЗ - 1шт.; ВА47-29-1С20-УХЛ3-КЭАЗ - 2шт.; ВА47-29-1С16-УХЛ3-КЭАЗ - 2шт.; ВА47-29-1С10-УХЛ3-КЭАЗ - 5шт. ПР УХЛ4 IP31 № 50-021-023375 от 18 июня 2024 г. п. 43. Масса-0,08 т";ЗЕЛЁНЫЙ;True;;
009256_СВО_1-7_98.3(1).xlsx;выборка оборудования;901;605-478139-Ш;"ПАО ""Газпром Автоматизация"", ИНН 7704028125";7704028125;Шефмонтажные работы. Оборудование АСУТП УКПГ-45 Комплектация по обосновывающему документу 0092.049.Р.13/1.0004.УКПГ.045.4901.000-АСУ.ОЛ1 (изм.2) инв.№053447/0004. Масса-0 т.;Шефмонтажные работы. Оборудование АСУТП УКПГ-45 Комплектация по обосновывающему документу 0092.049.Р.13/1.0004.УКПГ.045.4901.000-АСУ.ОЛ1 (изм.2) инв.№053447/0004. Масса-0 т;ЗЕЛЁНЫЙ;True;;
009256_СВО_1-7_98.3(1).xlsx;выборка оборудования;2781;109-170180-С;"ООО ""Филипс"", Россия, Москва, ИНН 7704216778, КПП 770301001";7704216778;Лампа светодиодная, мощностью 10 Вт, световой поток 1020 лм, цоколь Е27, артикул 8718696822586 Philips.;Лампа светодиодная, мощностью 10 Вт, световой поток 1020 лм, цоколь Е27, Philips;ЗЕЛЁНЫЙ;True;;
009256_СВО_1-7_98.3(1).xlsx;выборка оборудования;267;643-456419-1;"ООО ""ГенПроВектор"", Россия, г. Нижний Новгород, ИНН 3257032024, КПП 526101001, info@gp-v.ru";3257032024;Станция насосная над артскважиной ТУ 28.99.39-001-29503638-2020 Комплектация по обосновывающему документу 0092.049.Р.13/1.0004.ВЗ.000.2213.001-ВК.ОЛ (изм.1) инв.№027707/0004.;Станция насосная над Комплектация по обосновывающему документу 0092.049.Р.13/1.0004.ВЗ.000.2213.001-ВК.ОЛ (изм.1) инв.№027707/0004;ЗЕЛЁНЫЙ;True;;
009256_СВО_1-7_98.3(1).xlsx;выборка оборудования;1620;630-392353;"ООО ""ПУ ""Казаньэлектрощит"", Россия, г.Казань, ИНН 1659033810, КПП 166001001, nikolaev@kazanelectro.ru";1659033810;"Устройство вводно-распределительное со встроенным счетчиком измерения расхода электрической энергии СЭТ-4ТМ.03М.09, 400В, N+PE в составе: вводной коммутационный аппарат - ВА47-29-3С16-УХЛ3-КЭАЗ - 1шт.; отходящие коммутационные аппараты - ВА47-29-1С10-УХЛ3-КЭАЗ - 8шт. ВРУ8-15-2Н-108-31УХЛ4 по типу ТУ 3434-010-33874352-2015. Масса-0,01 т.";"Устройство вводно-распределительное со встроенным счетчиком измерения расхода электрической энергии СЭТ-4ТМ.03М.09, 400В, N+PE в составе: вводной коммутационный аппарат - ВА47-29-3С16-УХЛ3-КЭАЗ - 1шт.; отходящие коммутационные аппараты - ВА47-29-1С10-УХЛ3-КЭАЗ - 8шт. ВРУ8-15-2Н-108-31УХЛ4 Масса-0,01 т";ЗЕЛЁНЫЙ;True;;
009256_СВО_1-7_98.3(1).xlsx;выборка оборудования;822;604-454544-Ш;"ООО ""Газпром стройТЭК"", Россия, г. Санкт-Петербург, ИНН 7810946430, КПП 781001001, info@gazpromstroytek.ru";7810946430;Шефмонтажные работы. Оборудование СМПО Комплектация по обосновывающему документу 0092.049.Р.13/1.0004.ПП.000.0000.000-СММТ1.ОЛ инв.№024829/0004. Масса-0 т.;Шефмонтажные работы. Оборудование СМПО Комплектация по обосновывающему документу 0092.049.Р.13/1.0004.ПП.000.0000.000-СММТ1.ОЛ инв.№024829/0004. Масса-0 т;ЗЕЛЁНЫЙ;True;;
009256_УСВР_СМР_1-7_КАЗ(1).xlsx;Готово;1821;103-М90140-6;"ООО ""Промвентиляция-Сервис"" , ИНН 7107040785";7107040785;Трубы бесшовные обсадные под сварку [бурильные] утяжеленные наружний диаметр 244мм;Трубы бесшовные обсадные под сварку [бурильные] утяжеленные наружний диаметр 244мм;ЗЕЛЁНЫЙ;False;;
009256_УСВР_СМР_1-7_КАЗ(1).xlsx;Готово;1782;13-169640-С;"АО ""Выксунский металлургический завод"", ИНН 5247004695";5247004695;Труба ОШ-D-720х10-К60-Т40/60 по типу ТУ 1381-012-05757848-2015.;Труба ОШ-D-720х10-К60-Т40/60;ЗЕЛЁНЫЙ;True;;
009256_УСВР_СМР_1-7_КАЗ(1).xlsx;Готово;1166;19-282170-С;"ООО ""Белэнергомаш-БЗЭМ"", ИНН 3123315768";3123315768;Отвод ОК I 45-426(19К48)-9,8(14,7)-0,660-1,5Dн-60 по типу ТУ 1469-017-38948552-2015.;Отвод ОК I 45-426(19К48)-9,8(14,7)-0,660-1,5Dн-60;ЗЕЛЁНЫЙ;True;;
009256_УСВР_СМР_1-7_КАЗ(1).xlsx;Готово;825;13-361859-С;"АО ""Электрокабель ""Кольчугинский завод"" , ИНН 3306007697";3306007697;Кабель 5х16мк(N,PE)-1 Вз-ВБШвнг(А)-LS-ХЛ ТУ 16.К73.079-2007.;Кабель 5х16мк(N,PE)-1 Вз-ВБШвнг(А)-LS-ХЛ;ЗЕЛЁНЫЙ;True;;
009256_УСВР_СМР_1-7_КАЗ(1).xlsx;Готово;1155;19-376470-С;"АО ""Газстройдеталь"" , ИНН 7107003737";7107003737;Отвод ОК II 90град.-1020(30,0К60)-12,5(18,75)-В-1,5Dн-40 ТУ 1469-035-00153229-2015.;Отвод ОК II 90град.-1020(30,0К60)-12,5(18,75)-В-1,5Dн-40;ЗЕЛЁНЫЙ;True;;
009256_СВО_1-7_98.3(1).xlsx;выборка оборудования;2549;649-452777;"ООО НПФ ""Спецсистемы"", Россия, г.Тверь, ИНН 6904007811, КПП 695001001, specsystem@mail.ptl.ru";6904007811;"Извещатель пожарный тепловой многоточечный в составе: - Блок сопряжения: БС (А)Пл-1-2вв-3.3  1 шт.; - Датчик ДПТ R Пл.1  55м; - Коробка коммутационная (проходная): КК-02-2вв-2 шт.; Коробка коммутационная (конечная): КК-01-2вв  2 шт.; - комплект крепежный  2 шт.; Трос (проволока оцинкованная 1,2мм)  55м ИП 102-2х2 по типу ТУ 25-0909.0010-93. Масса-0,0038 т.";"Извещатель пожарный тепловой многоточечный в составе: - Блок сопряжения: БС (А)Пл-1-2вв-3.3 1 шт.; - Датчик ДПТ R Пл.1 55м; - Коробка коммутационная (проходная): шт.; Коробка коммутационная (конечная): КК-01-2вв 2 шт.; - комплект крепежный 2 шт.; Трос (проволока оцинкованная 1,2мм) 55м ИП 102-2х2 Масса-0,0038 т";ЗЕЛЁНЫЙ;True;КК-02;
009256_УСВР_СМР_1-7_КАЗ(1).xlsx;Готово;879;19-460181-С;"ООО НПП ""Спецкабель"", ИНН 7701165130";7701165130;Кабель 4х2эфх1,0 м3 СКАБ-СЭф 660Кнг(А)-FRLS-ХЛ ТУ 27.32.13-099-47273194-2020.;Кабель 4х2эфх1,0 м3 660Кнг(А)-FRLS-ХЛ;ЗЕЛЁНЫЙ;True;СКАБ-СЭф;
009256_УСВР_СМР_1-7_КАЗ(1).xlsx;Готово;1534;13-329585-С;"АО ""Благовещенский арматурный завод"", Россия, г.Благовещенск, ИНН 0258001489, КПП 025801001, BAZ@UFANET.RU";0258001489;"Затвор обратный поворотный фланцевый КОП 50-100 (19нж69нж) DN 50 PN 100 кгс/см2, климатическое исполнение ХЛ1 (-60 гр.С), раб. ср.-""газ"", tраб.ср. от -60град.С до +600град.С. Герметичность затвора класс ""А"" по ГОСТ 9544. Сейсмостойкое исполнение до 9 баллов по шкале MSK-64"". В комплекте с ответными фланцами из стали 09Г2С крепежом и прокладками. КОП 50-100 ХЛ1 19нж69нж ТУ 3742-009-07533604-2009.";"Затвор обратный поворотный фланцевый КОП 50-100 (19нж69нж) DN 50 PN 100 кгс/см2, климатическое исполнение ХЛ1 (-60 гр.С), раб. ср.-""газ"", tраб.ср. от -60град.С до +600град.С. Герметичность затвора класс ""А"" по ГОСТ 9544. Сейсмостойкое исполнение до 9 баллов по шкале MSK-64"". В комплекте с ответными фланцами из стали 09Г2С крепежом и прокладками. КОП 50-100 ХЛ1 19нж69нж";ЗЕЛЁНЫЙ;True;;
009256_УСВР_СМР_1-7_КАЗ(1).xlsx;Готово;1616;19-475425-С;"ООО ""Ньюфрост"", ИНН 5037003085";5037003085;"Термостабилизатор ТСГ-13.2; Комплектация по обосновывающему документу 0092.049.Р.13/1.0004.УКПГ.045.1032.102-ТСГ.ОЛ1 инв.№050099/0004.";"Термостабилизатор ТСГ-13.2; Комплектация по обосновывающему документу 0092.049.Р.13/1.0004.УКПГ.045.1032.102-ТСГ.ОЛ1 инв.№050099/0004";ЗЕЛЁНЫЙ;True;;
009256_УСВР_СМР_1-7_КАЗ(1).xlsx;Готово;1847;634-373734;"ООО Завод Противопожарного Оборудования ""ГАЗБАЛТПРОМ"", ИНН 1001353434";1001353434;"Установка пожаротушения для помещений в шкафу пожарном двухмодульном ""Кузьмич"" в комплекте с взрывозащищенным КИП и пенообразователем (приставной с подводом водовода слева, с пожарным клапаном DN50, объем пенообразователя 80л, габариты 1500х1650х295 мм, цвет красный) УП(П)-2-П/П-50-К/О/ПО-2-003, по типу ТУ 28.99.39-006-63887518-2021№ 50-01_АВ-037259 от 25 августа 2023 г. п. 1. Масса-0,285 т.";"Установка пожаротушения для помещений в шкафу пожарном двухмодульном ""Кузьмич"" в комплекте с взрывозащищенным КИП и пенообразователем (приставной с подводом водовода слева, с пожарным клапаном DN50, объем пенообразователя 80л, габариты 1500х1650х295 мм, цвет красный) УП(П)-2-П/П-50-К/О/ПО-2-003, № 50-01_АВ-037259 от 25 августа 2023 г. п. 1. Масса-0,285 т";ЗЕЛЁНЫЙ;True;;
009256_СВО_1-7_98.3(1).xlsx;выборка оборудования;2704;648-446043;"ООО ""Белый свет 2000"", Россия, Москва, ИНН 7719203806, КПП 774301001, info@belysvet.ru";7719203806;"Знак безопасности ""Выход"", Артикул a15106 PT-17176.C07 по типу ТУ 22.29.22-001-54762960-2019. Масса-0,00045 т.";"Знак безопасности ""Выход"", PT-17176.C07 Масса-0,00045 т";ЗЕЛЁНЫЙ;True;;
009256_УСВР_СМР_1-7_КАЗ(1).xlsx;Готово;2328;19-449838-С;"АО ""Амира"" , Россия, Санкт-Петербург, ИНН 7806013181, КПП 780601001, amira@amira.ru";7806013181;Молниеотвод (Н-30м) по типу ТУ 96766379-008-2017 Комплектация по обосновывающему документу 0092.049.Р.13/1.0004.УОК.019.4605.000-ЭГ.ОЛ инв.№019252/0004.;Молниеотвод (Н-30м) Комплектация по обосновывающему документу 0092.049.Р.13/1.0004.УОК.019.4605.000-ЭГ.ОЛ инв.№019252/0004;ЗЕЛЁНЫЙ;True;;
009256_УСВР_СМР_1-7_КАЗ(1).xlsx;Готово;1559;23-274553-С;"ООО ""Восточная арматурная компания"", ИНН 0275057393";0275057393;Затвор дисковый фланцевый, трехэксцентриковый с ручным управлением, DN 80, PN 1,6 МПа, двухстороннего действия, класс герметичности А, материал корпуса - хладостойкая сталь, фланцы - исполнение УХЛ, рабочая среда - вода питьевая с температурой 20 C. В комплекте с ответными фланцами из стали 09Г2С, крепежом и прокладками. ЗД.2-ВАРК-80-16-01-10 по типу ТУ 3741-009-97965425-2007.;Затвор дисковый фланцевый, трехэксцентриковый с ручным управлением, DN 80, PN 1,6 МПа, двухстороннего действия, класс герметичности А, материал корпуса - хладостойкая сталь, фланцы - исполнение УХЛ, рабочая среда - вода питьевая с температурой 20 C. В комплекте с ответными фланцами из стали 09Г2С, крепежом и прокладками. ЗД.2- -80-16-01-10;ЗЕЛЁНЫЙ;True;ВАРК;
009256_СВО_1-7_98.3(1).xlsx;выборка оборудования;1683;6310-332097;"АО НПК ""ВИП"", Россия, г. Екатеринбург, ИНН 6662058814, КПП 668501001, info@npkvip.ru";6662058814;Преобразователь избыточного давления в комплекте с клапанным блоком СДВ-SMART-Ex-И-1161-02-S-ЭП1-t16-025-16,0 МПа-42+НАRT-К04-П-КБуст/БКН2-10//СК(ДИ)/М20-09Г2С АГБР.406239.01 по типу ТУ№ 50-01/АВ-022332 от 24 мая 2023 г. п. 1. Масса-0,0022 т.;Преобразователь избыточного давления в комплекте с клапанным блоком СДВ-SMART-Ex-И-1161-02-S-ЭП1-t16-025-16,0 МПа-42+НАRT-К04-П-КБуст/БКН2-10//СК(ДИ)/М20-09Г2С № 50-01/АВ-022332 от 24 мая 2023 г. п. 1. Масса-0,0022 т;ЗЕЛЁНЫЙ;True;АГБР.;
009256_СВО_1-7_98.3(1).xlsx;выборка оборудования;228;643-441431;"ООО ""Уральский завод специального арматуростроения"", Россия, г. Челябинск, ИНН 7451403608, КПП 745101001, uzsa@uzsa.ru";7451403608;Кран шаровой специальный DN 300 PN 200 кгс/см2 с ручным приводом, под приварку, подземной установки, климатическое исполнение ХЛ1 КШС-3-DN300-PN200-РУ-Св-ПЗ-С8-ХЛ1 по типу ТУ 3742-031-75432272-2016 комплектация по обосновывающему документу 0092.049.Р.13/1.0004.КУ.004.0000.000-ТЛ.ОЛ1 инв.№010220/0004. Масса-1,92 т.;Кран шаровой специальный DN 300 PN 200 кгс/см2 с ручным приводом, под приварку, подземной установки, климатическое исполнение ХЛ1 КШС-3-DN300-PN200-РУ-Св-ПЗ-С8-ХЛ1 комплектация по обосновывающему документу 0092.049.Р.13/1.0004.КУ.004.0000.000-ТЛ.ОЛ1 инв.№010220/0004. Масса-1,92 т;ЗЕЛЁНЫЙ;True;;
009256_СВО_1-7_98.3(1).xlsx;выборка оборудования;2593;649-428366;"ЗАО НПК ""Эталон"", Россия, г.Волгодонск, ИНН 6143002656, КПП 614301001, info@npketalon.ru";6143002656;"Устройство дистанционного пуска с надписью ""Стоп вентиляции"" ExУДП-1-А-М25+М25-18-С-Стоп вентиляции УХЛ1.1 ЮВМА.420520.004 по типу ТУ. Масса-0,003 т.";"Устройство дистанционного пуска с надписью ""Стоп вентиляции"" вентиляции УХЛ1.1 ЮВМА.420520.004. Масса-0,003 т";ЗЕЛЁНЫЙ;True;ExУДП;
009256_СВО_1-7_98.3(1).xlsx;выборка оборудования;1962;109-232390-С;"ООО ""Газснабинвест"", ИНН 6450925261";6450925261;Оголовок продувочной свечи на сбросную трубу наружным диаметром 57 мм с толщиной стенки 4 мм, из стали 09Г2С, с давлением рабочей среды 1,6 МПа, вид климатического исполнения УХЛ1 ОПС 57х4 09Г2С-1,6 ТУ 1469-020-96950580-2011.;Оголовок продувочной свечи на сбросную трубу наружным диаметром 57 мм с толщиной стенки 4 мм, из стали 09Г2С, с давлением рабочей среды 1,6 МПа, вид климатического исполнения УХЛ1 ОПС 57х4 09Г2С-1,6;ЗЕЛЁНЫЙ;True;;
009256_УСВР_СМР_1-7_КАЗ(1).xlsx;Готово;2440;13-373627-С;"ООО ""Арматурный завод"", Россия, г.Уфа, ИНН 0278170037, КПП 027601001, armz@arm-z.ru";0278170037;Задвижка клиновая стальная DN 100 PN 1,6 МПа, фланцевая в комплекте с ответными фланцами исп.F, крепежом и прокладками, с поворотной заглушкой, климатического исполнения ХЛ1, с ручным управлением, в сейсмостойком исполнении,среда метанол ЗКЛ.2.у-р2-100-16.20ГЛ.Ф3.ГП по типу ТУ 3741-010-64164940-2014.;Задвижка клиновая стальная DN 100 PN 1,6 МПа, фланцевая в комплекте с ответными фланцами исп.F, крепежом и прокладками, с поворотной заглушкой, климатического исполнения ХЛ1, с ручным управлением, в сейсмостойком исполнении,среда метанол ЗКЛ.2.у-р2-100-16.20ГЛ.Ф3.ГП;ЗЕЛЁНЫЙ;True;;
009256_СВО_1-7_98.3(1).xlsx;выборка оборудования;2125;6410-334128;"АО ""НПК ВИП"", Россия, г. Екатеринбург, ИНН 6662058814, КПП 668501001, info@npkvip.ru";6662058814;Преобразователь избыточного давления в комплекте с клапанным блоком СДВ-SMART-Ex-И-1120-01-S-ЭП1-t16-025-1,60кПа-42+HART-К04-П-КБуст/БКН2-Н//СК(ДИ)/М20-09Г2С АГБР.406239.01 по типу ТУ. Масса-0,0022 т.;Преобразователь избыточного давления в комплекте с клапанным блоком СДВ-SMART-Ex-И-1120-01-S-ЭП1-t16-025-1,60кПа-42+HART-К04-П-КБуст/БКН2-Н//СК(ДИ)/М20-09Г2С. Масса-0,0022 т;ЗЕЛЁНЫЙ;True;АГБР.;
009256_СВО_1-7_98.3(1).xlsx;выборка оборудования;1708;103-206914-С;"ООО Завод ""Световые технологии"", Россия, г.Рязань, ИНН 6229028102, КПП 622901001, info@rzn.LTcompany.com";6229028102;Светильник светодиодный, 66 Вт, УХЛ1, IP66. Код светильника 1499000680 RUT 1 D80 5000K по типу ТУ 3461-001-44919750-12.;Светильник светодиодный, 66 Вт, УХЛ1, IP66. Код светильника 1499000680 RUT 1 D80 5000K;ЗЕЛЁНЫЙ;True;;
009256_УСВР_СМР_1-7_КАЗ(1).xlsx;Готово;1279;19-426176-С;"ООО Завод ""Современные технологии изоляции"", Россия, г. Челябинск, ИНН 7453316245, КПП 772901000, info@zsti.ru";7453316245;Элемент Z-образный Ст 108х4 ТУ 1469-003-67983609-2012 +1д25х3  550/2000/550 - ППУ ОЦ 315 Тип 1 Пк-40 ТУ 24.20.40-021-19833317-2022, ст.09Г2С ГОСТ 8732-78, ст.20 ГОСТ 8734-75, ТУ 23.99.19-004-19833317-2019 Комплектация по обосновывающему документу 0092.049.Р.13/1.0004.ВПК.003.2401.000-НВК.Н1 инв.№10181773.;Элемент Z-образный Ст 108х4 +1д25х3 550/2000/550 - ППУ ОЦ 315 Тип 1 Пк-40, ст.09Г2С ГОСТ 8732-78, ст.20 ГОСТ 8734-75, Комплектация по обосновывающему документу 0092.049.Р.13/1.0004.ВПК.003.2401.000-НВК.Н1 инв.№10181773;ЗЕЛЁНЫЙ;True;;
009256_УСВР_СМР_1-7_КАЗ(1).xlsx;Готово;1645;19-440964-С;"ООО ""Ньюфрост"", Россия, г. Протвино, ИНН 5037003085, КПП 503701001, newfrost@bk.ru";5037003085;"Термостабилизатор ТСГ-15.2; Комплектация по обосновывающему документу 0092.049.Р.13/1.0004.УКПГ.045.4408.105-ТСГ.ОЛ1 инв.№009873/0004.";"Термостабилизатор ТСГ-15.2; Комплектация по обосновывающему документу 0092.049.Р.13/1.0004.УКПГ.045.4408.105-ТСГ.ОЛ1 инв.№009873/0004";ЗЕЛЁНЫЙ;True;;
009256_СВО_1-7_98.3(1).xlsx;выборка оборудования;1930;630-326995;"ООО ""Лабораторная мебель ""Аналитика"", Россия, г. Омск, ИНН 5501124119, КПП 550301001, sales@analytica-lab.ru";5501124119;Зонт вытяжной, полипропилен, ПВХ-воздуховод 80 мм, настенное крепление, светильник, габаритные размеры, мм: 600х600х450 ЗВ-600-Пп-01-С ГОСТ 16371-2014. Масса-0,025 т.;Зонт вытяжной, полипропилен, ПВХ-воздуховод 80 мм, настенное крепление, светильник, габаритные размеры, мм: 600х600х450 ЗВ-600-Пп-01-С ГОСТ 16371-2014. Масса-0,025 т;ЗЕЛЁНЫЙ;True;;
009256_УСВР_СМР_1-7_КАЗ(1).xlsx;Готово;1159;13-224257-С;"ООО ""Белэнергомаш-БЗЭМ"", ИНН 3123315768";3123315768;Отвод ОК I 90-426(19К48)-12,5(18,75)-В-1,5Dн-60 по типу ТУ 1469-017-38948552-2015.;Отвод ОК I 90-426(19К48)-12,5(18,75)-В-1,5Dн-60;ЗЕЛЁНЫЙ;True;;
009256_СВО_1-7_98.3(1).xlsx;выборка оборудования;1812;644-472943;"ООО ПКП ""ГазПремиум"", ИНН 6452951387";6452951387;Регистр однорядный из трех гладких труб 133х4 длиной 4 м, в комплекте с опорами и экраном, с покрытием АРМОКОТ F100 ( цвет серый RAL 7004) по ТУ 2312-009-23354769-2008 РГТ-1-133х4-4м-3-ОП-Э ТУ 4936-001-69441315-11.;Регистр однорядный из трех гладких труб 133х4 длиной 4 м, в комплекте с опорами и экраном, с покрытием АРМОКОТ F100 ( цвет серый RAL 7004) по РГТ-1-133х4-4м-3-ОП-Э;ЗЕЛЁНЫЙ;True;;
009256_СВО_1-7_98.3(1).xlsx;выборка оборудования;1896;105-510689-С;"АО ""Звезда-Редуктор"", ИНН 7811564963";7811564963;Оборудование дополнительное для ДЭС УКПГ-45. Комплектация по обосновывающему документу 0092.049.Р.13/1.0004.УКПГ.045.4401.114-ЭМ.ОЛ1 (изм.2).;Оборудование дополнительное для ДЭС УКПГ-45. Комплектация по обосновывающему документу 0092.049.Р.13/1.0004.УКПГ.045.4401.114-ЭМ.ОЛ1 (изм.2);ЗЕЛЁНЫЙ;True;;
009256_СВО_1-7_98.3(1).xlsx;выборка оборудования;1957;639-333003;"ОАО ""Манотомь"", ИНН 7021000501";7021000501;Манометр показывающий сигнализирующий: диаметр корпуса 160 мм-алюминиевый сплав, климатическое исполнение У2, диапазон показаний от 0 до 1,6 МПа, класс точности 1,5, с радиальным штуцером без фланца, с резьбой присоединительного штуцера М20х1,5-8g, вариант исполнения V, степень защиты IP40, пломбировка ДМ2005СгУ2-1,6 МПа-1,5-РШ-V-IP40-М20х1,5-Пл по типу ТУ 4212-040-00225590-2001. Масса-0,0016 т.;Манометр показывающий сигнализирующий: диаметр корпуса 160 мм-алюминиевый сплав, климатическое исполнение У2, диапазон показаний от 0 до 1,6 МПа, класс точности 1,5, с радиальным штуцером без фланца, с резьбой присоединительного штуцера М20х1,5-8g, вариант исполнения V, степень защиты IP40, пломбировка ДМ2005СгУ2-1,6 МПа-1,5-РШ-V-IP40-М20х1,5-Пл Масса-0,0016 т;ЗЕЛЁНЫЙ;True;;
009256_УСВР_СМР_1-7_КАЗ(1).xlsx;Готово;2021;13-455890-С;"ООО ""ЗАВОД ГОРЭЛТЕХ"", Россия, Санкт-Петербург, ИНН 7806155468, КПП 780601001, mail@exd.ru";7806155468;Коробка клеммная взрывозащищенная 1Ex db IIC T5 Gb X, IP66 ЩОРВ281811(2AVK16RD-0-1AVK16TRD-2AVK2,5RD-0-1AVK2,5TRD)-1КОВ3МНК/P(Б)-1КНВ2MНК/P(Г)-1КОВ3МНК/P(Г)/УВГ975Р24Ф0001005 по типу ТУ 27.33.13-033-72453807-2017.;Коробка клеммная взрывозащищенная 1Ex db IIC T5 Gb X, IP66;ЗЕЛЁНЫЙ;True;ЩОРВ;
009256_СВО_1-7_98.3(1).xlsx;выборка оборудования;339;633-376065;"ООО ФПК ""Космос-Нефть-Газ"" , Россия, г.Воронеж, ИНН 3663019523, КПП 366750001, office@kng.vrn.ru";3663019523;Устройство горелочное горизонтальное УГГ500-21-14 УГГ500-21.00.00.000-14 КМЕВ.611257.001 по типу ТУ комплектация по обосновывающему документу 0092.049.Р.13/1.0004.Кг.510.0000.000-ТХ.ОЛ2 инв.№10171385№ 50-01/АВ-010917 от 19 марта 2024 г. п. 89. Масса-1,3 т.;Устройство горелочное горизонтальное УГГ500-21-14 УГГ500-21.00.00.000-14 комплектация по обосновывающему документу 0092.049.Р.13/1.0004.Кг.510.0000.000-ТХ.ОЛ2 инв.№10171385№ 50-01/АВ-010917 от 19 марта 2024 г. п. 89. Масса-1,3 т;ЗЕЛЁНЫЙ;True;КМЕВ.;
009256_УСВР_СМР_1-7_КАЗ(1).xlsx;Готово;1272;19-347878-С;"ООО ""Аквасток"", ИНН 2311204642";2311204642;Лоток водоотводный пластиковый, усиленный стальными оцинкованными планками с решетками из высокопрочного чугуна ВЧ 50 в комплекте, арт.1200 ЛВП PROFI DN200 H202 Е600 по типу ТУ 4859-010-98819996-2008.;Лоток водоотводный пластиковый, усиленный стальными оцинкованными планками с решетками из высокопрочного чугуна ВЧ 50 в комплекте, ЛВП DN200 H202 Е600;ЗЕЛЁНЫЙ;True;PROFI;
009256_СВО_1-7_98.3(1).xlsx;выборка оборудования;2101;699-219349;"ООО ""КБ Пожарной Автоматики"", Россия, г.Саратов, ИНН 6452063705, КПП 645201001, support@rubezh.ru";6452063705;Модуль релейный, 4 выхода РМ4-R2 ПАСН.423149.027 по типу ТУ№ 50-01/РЧ-028403 от 26 ноября 2019 г. п. 39. Масса-0,0002 т.;Модуль релейный, 4 выхода РМ4-R2 ПАСН.423149.027 № 50-01/РЧ-028403 от 26 ноября 2019 г. п. 39. Масса-0,0002 т;ЗЕЛЁНЫЙ;True;;
009256_УСВР_СМР_1-7_КАЗ(1).xlsx;Готово;2230;19-138362-С;"ООО ""Газснабинвест"", ИНН 6450925261";6450925261;Устройство заземляющее от статического электричества кожуха теплоизоляции трубопровода ЗК по типу ТУ 3414-031-96950580-2013.;Устройство заземляющее от статического электричества кожуха теплоизоляции трубопровода ЗК;ЗЕЛЁНЫЙ;True;;
009256_УСВР_СМР_1-7_КАЗ(1).xlsx;Готово;1614;19-473303-С;"ООО ""Ньюфрост"", ИНН 5037003085";5037003085;"Термостабилизатор ТСГ-16; Комплектация по обосновывающему документу 0092.049.Р.13/1.0004.УКПГ.045.1029.100-ТСГ.ОЛ5 инв.№047681/0004.";"Термостабилизатор ТСГ-16; Комплектация по обосновывающему документу 0092.049.Р.13/1.0004.УКПГ.045.1029.100-ТСГ.ОЛ5 инв.№047681/0004";ЗЕЛЁНЫЙ;True;;
009256_СВО_1-7_98.3(1).xlsx;выборка оборудования;1836;6310-410692;"ЗАО ""Эмис"", Россия, г. Челябинск, ИНН 7729428453, КПП 745201001, sales@emis-kip.ru";7729428453;Расходомер электромагнитный Расходомер ЭМИС-МАГ 270 по типу ТУ 4213-030-14145564-2011 Комплектация по обосновывающему документу 0092.049.Р.13/1.0004.УКПГ.045.0019.005-АК.ОЛ инв.№10178352. Масса-0,0125 т.;Расходомер электромагнитный Расходомер -МАГ 270 Комплектация по обосновывающему документу 0092.049.Р.13/1.0004.УКПГ.045.0019.005-АК.ОЛ инв.№10178352. Масса-0,0125 т;ЗЕЛЁНЫЙ;True;ЭМИС;
009256_УСВР_СМР_1-7_КАЗ(1).xlsx;Готово;2465;13-398791-С;"АО ""Трубодеталь"", ИНН 7451047011";7451047011;Тройник Т I 530(14,0К60)х219(8,0К48)-10,0(15,0)-0,660-50 ТУ 1469-019-04834179-2014.;Тройник Т I 530(14,0К60)х219(8,0К48)-10,0(15,0)-0,660-50;ЗЕЛЁНЫЙ;True;;
009256_СВО_1-7_98.3(1).xlsx;выборка оборудования;2170;629-283207;"ООО ""ИМПУЛЬС"", ИНН 6453097908";6453097908;Модуль связи ведущий МСВ-R2 ПАСН.423149.096 по типу ТУ№ 50-023-057378 от 29 декабря 2022 г. п. 2. Масса-0,0002 т.;Модуль связи ведущий МСВ-R2 ПАСН.423149.096 № 50-023-057378 от 29 декабря 2022 г. п. 2. Масса-0,0002 т;ЗЕЛЁНЫЙ;True;;
009256_СВО_1-7_98.3(1).xlsx;выборка оборудования;2415;670-175435;"ОАО ""Манотомь"", ИНН 7021000501";7021000501;Манометр показывающий: диаметр корпуса 160 мм-нержавеющая сталь, климатическое исполнение УХЛ1, диапазон показаний от 0 до 10 МПа, класс точности 1,0, с радиальным штуцером без фланца, с резьбой присоединительного штуцера М20х1,5-8g, степень защиты IP54, пломба МП4-УУХЛ1-10 MPa-1-IP54-Пл по типу ТУ 25-02.180335-84№ 50-01/МШ-013479 от 9 декабря 2020 г. п. 2. Масса-0,0012 т.;Манометр показывающий: диаметр корпуса 160 мм-нержавеющая сталь, климатическое исполнение УХЛ1, диапазон показаний от 0 до 10 МПа, класс точности 1,0, с радиальным штуцером без фланца, с резьбой присоединительного штуцера М20х1,5-8g, степень защиты IP54, пломба MPa-1-IP54-Пл № 50-01/МШ-013479 от 9 декабря 2020 г. п. 2. Масса-0,0012 т;ЗЕЛЁНЫЙ;True;МП4-У;
009256_УСВР_СМР_1-7_КАЗ(1).xlsx;Готово;949;19-446652-С;"ООО ""НЕД-Пермь"", Россия, г. Пермь, ИНН 5905261720, КПП 590201001, office@ned-perm.ru";5905261720;Кабель монтажный универсальный 5х2х1,0ок-0,660 НЕД-Плагум КУМЭВЭВнг(А)-LS-ХЛ по типу ТУ 27.32.13-003-85082376-2016.;Кабель монтажный универсальный 5х2х1,0ок-0,660 КУМЭВЭВнг(А)-LS-ХЛ;ЗЕЛЁНЫЙ;True;НЕД-Плагум;
009256_УСВР_СМР_1-7_ЖИГ(1).xlsx;Готово;352;101-90480-В7;"ООО ""К-ФЛЕКС"", ИНН 5017057156";5017057156;"Грунт-эмаль СБЭ-111 ""Унипол"" марки В-СЭ";"Грунт-эмаль СБЭ-111 ""Унипол"" марки В-СЭ";ЗЕЛЁНЫЙ;False;;
009256_СВО_1-7_98.3(1).xlsx;выборка оборудования;1565;639-219240;"ООО ""КБ Пожарной Автоматики"", ИНН 6452063705";6452063705;Оповещатель охранно-пожарный комбинированный светозвуковой адресный ОПОП 124-R2 ПАСН.425542.002 по типу ТУ№ 50-016-021258 от 18 мая 2023 г. п. 1. Масса-0,0002 т.;Оповещатель охранно-пожарный комбинированный светозвуковой адресный ОПОП 124-R2 ПАСН.425542.002 № 50-016-021258 от 18 мая 2023 г. п. 1. Масса-0,0002 т;ЗЕЛЁНЫЙ;True;;
009256_СВО_1-7_98.3(1).xlsx;выборка оборудования;698;640-410994;"ЗАО ""АлтайСпецИзделия"", Россия, г.Барнаул, ИНН 2224130666, КПП 222201001, altaispecisdelia@yandex.ru";2224130666;Колодец приемный зачистки аварийного резервуара по типу ТУ 3689-006-81017117-2012 Комплектация по обосновывающему документу 0092.049.Р.13/1.0004.ВЖК.000.0715.006-ТХВ.ОЛ3 инв.№10178378.;Колодец приемный зачистки аварийного резервуара Комплектация по обосновывающему документу 0092.049.Р.13/1.0004.ВЖК.000.0715.006-ТХВ.ОЛ3 инв.№10178378;ЗЕЛЁНЫЙ;True;;
009256_СВО_1-7_98.2(1).xlsx;выборка оборудования;37;604-456101-Ш;"ПАО ""Газпром Автоматизация"", Россия, Москва, ИНН 7704028125, КПП 772401001, gazauto@gazauto.gazprom.ru";7704028125;Шефмонтажные работы. Оборудование ШУ КГС №428 Комплектация по обосновывающему документу 0092.049.Р.13/1.0004.Кг.428.0000.000-АТТ.ОЛ1 (изм.3) инв.№026704/0004. Масса-0 т.;Шефмонтажные работы. Оборудование ШУ КГС №428 Комплектация по обосновывающему документу 0092.049.Р.13/1.0004.Кг.428.0000.000-АТТ.ОЛ1 (изм.3) инв.№026704/0004. Масса-0 т;ЗЕЛЁНЫЙ;True;;
009256_СВО_1-7_98.3(1).xlsx;выборка оборудования;2172;609-229662;"ЗАО ""Эридан"", Россия, г.Березовский, ИНН 6604007264, КПП 667801001, market@eridan-zao.ru";6604007264;"Оповещатель пожарный светозвуковой взрывозащищенный с постоянно присоединенной внешней взрывозащищенной клеммной коробкой с одним кабельным вводом и двумя заглушками, с надписью ""ЗАГАЗОВАННОСТЬ 2 Порог"" красными буквами на черном фоне, с козырьком, напряжение питания 24В Экран-СЗ-ККВ-К1-24VDC, ЗАГАЗОВАННОСТЬ 2 Порог (К/Ч), КВБ17, ЗГ, ЗГ, СЗК Экран по типу ТУ 4371-007-43082497-05№ 50-01/МШ-006291 от 20 июля 2020 г. п. 6. Масса-0,0035 т.";"Оповещатель пожарный светозвуковой взрывозащищенный с постоянно присоединенной внешней взрывозащищенной клеммной коробкой с одним кабельным вводом и двумя заглушками, с надписью ""ЗАГАЗОВАННОСТЬ 2 Порог"" красными буквами на черном фоне, с козырьком, напряжение питания 24В Экран-СЗ-ККВ-К1-24VDC, ЗАГАЗОВАННОСТЬ 2 Порог (К/Ч), КВБ17, ЗГ, ЗГ, СЗК Экран № 50-01/МШ-006291 от 20 июля 2020 г. п. 6. Масса-0,0035 т";ЗЕЛЁНЫЙ;True;;
009256_СВО_1-7_98.3(1).xlsx;выборка оборудования;946;603-394953-Ш;"ООО ""Гермес Групп"", Россия, Санкт-Петербург, ИНН 7805539158, КПП 781001001, office@germesgroup.com";7805539158;Шефмонтажные работы. Блок-бокс канализационной насосной станции промышленных сточных вод Q-25 м3/ч, H-125м по типу ТУ 4859-002-69211495-2014 Комплектация по обосновывающему документу 0092.049.Р.13/1.0004.ТБПО.000.2018.013-ВК.ОЛ инв.№10171622.;Шефмонтажные работы. Блок-бокс канализационной насосной станции промышленных сточных вод Q-25 м3/ч, H-125м Комплектация по обосновывающему документу 0092.049.Р.13/1.0004.ТБПО.000.2018.013-ВК.ОЛ инв.№10171622;ЗЕЛЁНЫЙ;True;;
009256_СВО_1-7_98.3(1).xlsx;выборка оборудования;527;630-407168;"ООО ""ПГА-Инжиниринг"", Россия, Москва, ИНН 9717081271, КПП 500301001, info@pgaeng.ru";9717081271;Установка газового пожаротушения автоматическая по типу ТУ 28.29.22-003-39107398-2019 Комплектация по обосновывающему документу 0092.049.Р.13/1.0004.УКПГ.045.0507.022-ГПТ.ОЛ1 инв.№10172630. Масса-1,162 т.;Установка газового пожаротушения автоматическая Комплектация по обосновывающему документу 0092.049.Р.13/1.0004.УКПГ.045.0507.022-ГПТ.ОЛ1 инв.№10172630. Масса-1,162 т;ЗЕЛЁНЫЙ;True;;
009256_СВО_1-7_98.3(1).xlsx;выборка оборудования;722;649-461911;"ООО ""Элком +"", Россия, г.Томск";7019013550;"Место рабочее автоматизированное Администратора ЛКЦМ.464421.ADM-03-PK-210.1, в составе: ноутбук; сумка для ноутбука; комплект предустановленного ПО, кабели для программирования радиостанций. по типу ТУ 26.30.23-004-36294750-2018. Масса-0,02 т.";"Место рабочее автоматизированное Администратора, в составе: ноутбук; сумка для ноутбука; комплект предустановленного, кабели для программирования радиостанций. Масса-0,02 т";ЗЕЛЁНЫЙ;True;ЛКЦМ.;
009256_СВО_1-7_98.3(1).xlsx;выборка оборудования;397;640-437058;"АО ""Энергомаш"", Россия, г.Великий Новгород, ИНН 5321105540, КПП 532101001, office@energomash-nov.ru";5321105540;Кран шаровой фланцевый DN 300 ANSI 900 с ручным приводом ТУ 3742-005-79900391-2014 комплектация по обосновывающему документу 0092.049.Р.13/1.0004.УКПГ.045.0921.000-ИК1-2.ОЛ10-5 инв.№10172339.;Кран шаровой фланцевый DN 300 ANSI 900 с ручным приводом комплектация по обосновывающему документу 0092.049.Р.13/1.0004.УКПГ.045.0921.000-ИК1-2.ОЛ10-5 инв.№10172339;ЗЕЛЁНЫЙ;True;;
009256_СВО_1-7_98.3(1).xlsx;выборка оборудования;563;634-379326;"ЗАО ""Курганспецарматура"", Россия, г. Курган, ИНН 4501153735, КПП 450101001, info@ksa45.ru";4501153735;Задвижка запорная клиновая DN 50 PN 25,0 МПа с электроприводом ТУ 3741-008-62603588-2010 комплектация по обосновывающему документу 0092.049.Р.13/1.0004.Кг.424.0000.000-ТХ1.ОЛ10-1 инв.№10171426№ 50-01/АВ-052742 от 1 декабря 2023 г. п. 26. Масса-0,103 т.;Задвижка запорная клиновая DN 50 PN 25,0 МПа с электроприводом комплектация по обосновывающему документу 0092.049.Р.13/1.0004.Кг.424.0000.000-ТХ1.ОЛ10-1 инв.№10171426№ 50-01/АВ-052742 от 1 декабря 2023 г. п. 26. Масса-0,103 т;ЗЕЛЁНЫЙ;True;;
009256_УСВР_СМР_1-7_КАЗ(1).xlsx;Готово;1503;13-469414-С;"ЗАО ""ДС Контролз"", ИНН 5321065626";5321065626;Блок предохранительных клапанов DN 150 ANSI 900 ТУ 3742-015-49148464-2015 комплектация по обосновывающему документу 0092.049.Р.13/1.0004.УКПГ.045.0077.001-ТХ1.ОЛ10-13 (изм.1) инв.№10170626.;Блок предохранительных клапанов DN 150 ANSI 900 комплектация по обосновывающему документу 0092.049.Р.13/1.0004.УКПГ.045.0077.001-ТХ1.ОЛ10-13 (изм.1) инв.№10170626;ЗЕЛЁНЫЙ;True;;
009256_СВО_1-7_98.3(1).xlsx;выборка оборудования;2150;105-93989-С;"ООО ""Энергофинстрой"" , ИНН 7710379611";7710379611;Крыша километрового обзора ЭФС.К-2 по типу ТУ 3435-005-57060080-2012. Масса-0,003 т.;Крыша километрового обзора ЭФС.К-2 Масса-0,003 т;ЗЕЛЁНЫЙ;True;;
009256_УСВР_СМР_1-7_КАЗ(1).xlsx;Готово;706;13-445270-С;"ООО ""Завод ТАТКАБЕЛЬ"", ИНН 1657259971";1657259971;Кабель 5х150мс(N,PE)-1 ИнСил-ВБВнг(А)-LS-ХЛ по типу ТУ 3500-002-92800518-2013.;Кабель 5х150мс(N,PE)-1 ИнСил-ВБВнг(А)-LS-ХЛ;ЗЕЛЁНЫЙ;True;;
009256_СВО_1-7_98.3(1).xlsx;выборка оборудования;1584;648-440865;"ООО ""Международная группа компаний ""Световые технологии"" (OOO ""МГК ""Световые технологии""), Россия, г. Москва, ИНН 7715723321, КПП 771501001, info@msk.LTcompany.com";7715723321;Светильник светодиодный с опаловым рассеивателем, потолочный, 48 Вт, УХЛ2, IP65. Код светильника 1074000600 LZ.OPL ECO LED 1200 4000К по типу ТУ 27.40.25-001-88466159-2019№ 50-023-028753 от 29 июля 2024 г. п. 32. Масса-0,0037 т.;Светильник светодиодный с опаловым рассеивателем, потолочный, 48 Вт, УХЛ2, IP65. Код светильника 1074000600 LZ.OPL ECO LED 1200 4000К № 50-023-028753 от 29 июля 2024 г. п. 32. Масса-0,0037 т;ЗЕЛЁНЫЙ;True;;
009256_СВО_1-7_98.3(1).xlsx;выборка оборудования;1810;630-312806;"ООО ""ДорХан - Торговый Дом"", Россия, Московская обл., Одинцовский р-н, с. Акулово, ИНН 5032136476, КПП 503201001, info@doorhan.ru";5032136476;Ворота подъемно-секционные промышленные с калиткой размером 2000х800мм. Размер 4300х4250 мм, цвет снаружи RAL 7004 серый, цвет изнутри RAL 9003 белый, ручной и электрический привод, тип поверхности stucco, количество циклов открывания/закрывания 25000. Коэффициент теплопроводности не менее 0,8 Вт/(м2 грС), звукоизоляция 24дБ, ветровой район II. DoorHan ISD01 по типу ТУ 28.12.10.112-001-58988507-2017. Масса-0,55 т.;Ворота подъемно-секционные промышленные с калиткой размером 2000х800мм. Размер 4300х4250 мм, цвет снаружи RAL 7004 серый, цвет изнутри RAL 9003 белый, ручной и электрический привод, тип поверхности stucco, количество циклов открывания/закрывания 25000. Коэффициент теплопроводности не менее 0,8 Вт/(м2 грС), звукоизоляция 24дБ, ветровой район II. DoorHan ISD01 Масса-0,55 т;ЗЕЛЁНЫЙ;True;;
009256_СВО_1-7_98.3(1).xlsx;выборка оборудования;402;630-418600;"ПКФ ""Экс-Форма"", Россия, г.Саратов, ИНН 

6455004320, КПП 643201001, exform@exform.ru, market@exform.ru";6455004320;Пункт газорегуляторный шкафного типа ГРПШ-РДК-ЭКФО-50С-1/1-4-46-ЭО-ХЛ-СГ на базе 2-х РДК-ЭКФО-50/20С2, с электрообогревом, со счётчиком электроэнергии и керамическим утеплением, климатическое исполнение УХЛ ГРПШ-РДК-ЭКФО-50С-1/1-4-46-ЭО-ХЛ-СГ, по типу ТУ 4859-022-12213528-05 комплектация по обосновывающему документу 0092.049.Р.13/1.0004.ТБПО.000.0000.000-ГСН.ОЛ инв.№10179402, 0092.049.Р.13/1.0004.ТБПО.000.0000.000-ГСН.Н инв.№10179403. Масса-0,47 т.;Пункт газорегуляторный шкафного типа ГРПШ-РДК-ЭКФО-50С-1/1-4-46-ЭО-ХЛ-СГ на базе 2-х РДК-ЭКФО-50/20С2, с электрообогревом, со счётчиком электроэнергии и керамическим утеплением, климатическое исполнение УХЛ ГРПШ-РДК-ЭКФО-50С-1/1-4-46-ЭО-ХЛ-СГ, комплектация по обосновывающему документу 0092.049.Р.13/1.0004.ТБПО.000.0000.000-ГСН.ОЛ инв.№10179402, 0092.049.Р.13/1.0004.ТБПО.000.0000.000-ГСН.Н инв.№10179403. Масса-0,47 т;ЗЕЛЁНЫЙ;True;;
009256_СВО_1-7_98.3(1).xlsx;выборка оборудования;180;631-397614;"ООО ""Газснабинвест"", Россия, г.Саратов, ИНН 6450925261, КПП 645001001, office@gazsnabinvest.ru,";6450925261;Резервуар противопожарного запаса воды V-200м3 КРЕО 0,2-Г-0,05-ВТ-ХЛ1-1011 по типу ТУ 5265-046-96950580-2016 Комплектация по обосновывающему документу 0092.049.Р.13/1.0004.ТБПО.000.2313.007-ВК.ОЛ инв.№10171616. Масса-41,35 т.;Резервуар противопожарного запаса воды V-200м3 КРЕО 0,2-Г-0,05-ВТ-ХЛ1-1011 Комплектация по обосновывающему документу 0092.049.Р.13/1.0004.ТБПО.000.2313.007-ВК.ОЛ инв.№10171616. Масса-41,35 т;ЗЕЛЁНЫЙ;True;;
009256_СВО_1-7_98.3(1).xlsx;выборка оборудования;2205;6310-397478;"ЗАО СКБ ""Термоприбор"", ИНН 7724123433";7724123433;"Термопреобразователь сопротивления взрывозащищённый с видом взрывозащиты ""Взрывонепроницаемая оболочка"" ТСПУ 011.151.ХТ-Э1 для работы в диапазоне температуры окружающей среды от минус 60 до плюс 70 град.С, с выходным токовым сигналом 4-20 мА+HART, с диапазоном измеряемой температуры от минус 60 до плюс 120 град.С, с диапазоном настройки от минус 60 до плюс 120 град.С с основной приведенной погрешностью  0,25%, с 2- мя ЧЭ, с 2-х проводной схемой подключения к линии потребителя, с длиной соединительного кабеля 5000 мм, с внешней оболочкой соединительного кабеля на основе нержавеющей трубы, для установки на трубу ф114 мм, с корпусом типа ""К1"" наземного исполнения с головкой типа ""Г6/2"", с кабельным вводом типа ""КВ5"" с заземлением брони кабеля внутри кабельного ввода для параметров кабеля: диаметр с броней D-9-17мм, диаметр со снятой броней d-6-12мм, с комплектом монтажных частей, в комплекте с УЗИП ТЕРМ 002, с видом метрологической приемки ""Поверка"". ТСПУ 011.151.ХТ-Э1-Exd-4/20-(-60/120)-0,25-2-2-5000-114-Н-К1/Г6/2-КВ5(D9-17/d6-12)-К-П в комплекте с УЗИП ТЕРМ 002-Exd по типу ТУ ВБАЛ 2.821.011№ 50-023-052451 от 30 ноября 2023 г. п. 30. Масса-0,0085 т.";"Термопреобразователь сопротивления взрывозащищённый с видом взрывозащиты ""Взрывонепроницаемая оболочка"" ТСПУ 011.151.ХТ-Э1 для работы в диапазоне температуры окружающей среды от минус 60 до плюс 70 град.С, с выходным токовым сигналом 4-20 мА+HART, с диапазоном измеряемой температуры от минус 60 до плюс 120 град.С, с диапазоном настройки от минус 60 до плюс 120 град.С с основной приведенной погрешностью 0,25%, с 2- мя ЧЭ, с 2-х проводной схемой подключения к линии потребителя, с длиной соединительного кабеля 5000 мм, с внешней оболочкой соединительного кабеля на основе нержавеющей трубы, для установки на трубу ф114 мм, с корпусом типа ""К1"" наземного исполнения с головкой типа ""Г6/2"", с кабельным вводом типа ""КВ5"" с заземлением брони кабеля внутри кабельного ввода для параметров кабеля: диаметр с броней D-9-17мм, диаметр со снятой броней d-6-12мм, с комплектом монтажных частей, в комплекте с УЗИП ТЕРМ 002, с видом метрологической приемки ""Поверка"". ТСПУ 011.151.ХТ-Э1-Exd-4/20-(-60/120)-0,25-2-2-5000-114-Н-К1/Г6/2-КВ5(D9-17/d6-12)-К-П в комплекте с УЗИП ТЕРМ 002-Exd № 50-023-052451 от 30 ноября 2023 г. п. 30. Масса-0,0085 т";ЗЕЛЁНЫЙ;True;;
009256_СВО_1-7_98.3(1).xlsx;выборка оборудования;80;668-518739-2;"ПАО ""Газпром Автоматизация"", ИНН 7704028125";7704028125;"Подстанция двухтрансформаторная блочно-комплектная; электрической мощностью 1000 кВа, частотой 50 Гц; модульного исполнения; с номинальным напряжением 10/0,4 кВ; с трансформатором трехфазным, сухим, с естественным воздушным охлаждением при защищенном исполнении, с алюминиевой обмоткой; с схемой и группой соединений трансформатора треугольник  звезда с 0; с двустронним типом обслуживания; с наличием УКРМ, мощностью 200 кВар; со степенью регулировки УКРМ  25 кВар; с наличием АВР; с наличием аварийного ввода от ДЭС; с номинальным током сборных шин 630/1600; с наличием ИБП и СОПТ; с распределительным устройством; с прибором учета электроэнергии на вводе 0,4 кВ; с наличием высоковольтной ячейки; с наличием ОПН; в сейсмостойком исполнении; климатического исполнения УХЛ (умеренного и холодного климата), категория размещения 1 (на открытом воздухе согласно ГОСТ 15150-69 2-БКТП-1000-М-10/0,4-СЗ(Al)-Д/У-Д-УКРМ-200-25-0-АВР-А-630/1600-ИБП-РУ-УЭВ-УЭЛ-УВН-ОПН-0-0-С-УХЛ-1 Комплектация по обосновывающему документу 0092.049.Р.13/1.0004.КОС.045.4507.007-ЭМ.ОЛ1 (изм.2). Масса-40, т.";"Подстанция двухтрансформаторная блочно-комплектная; электрической мощностью 1000 кВа, частотой 50 Гц; модульного исполнения; с номинальным напряжением 10/0,4 кВ; с трансформатором трехфазным, сухим, с естественным воздушным охлаждением при защищенном исполнении, с алюминиевой обмоткой; с схемой и группой соединений трансформатора треугольник звезда с 0; с двустронним типом обслуживания; с наличием УКРМ, мощностью 200 кВар; со степенью регулировки УКРМ 25 кВар; с наличием АВР; с наличием аварийного ввода от ДЭС; с номинальным током сборных шин 630/1600; с наличием ИБП и СОПТ; с распределительным устройством; с прибором учета электроэнергии на вводе 0,4 кВ; с наличием высоковольтной ячейки; с наличием ОПН; в сейсмостойком исполнении; климатического исполнения УХЛ (умеренного и холодного климата), категория размещения 1 (на открытом воздухе согласно ГОСТ 15150-69 2-БКТП-1000-М-10/0,4-СЗ(Al)-Д/У-Д-УКРМ-200-25-0-АВР-А-630/1600-ИБП-РУ-УЭВ-УЭЛ-УВН-ОПН-0-0-С-УХЛ-1 Комплектация по обосновывающему документу 0092.049.Р.13/1.0004.КОС.045.4507.007-ЭМ.ОЛ1 (изм.2). Масса-40, т";ЗЕЛЁНЫЙ;True;;
009256_СВО_1-7_98.3(1).xlsx;выборка оборудования;1956;640-339907;"АО ""Сантехпром"", Россия, Москва, ИНН 7718014490, КПП 771801001, mail@santexprom.ru";7718014490;"Радиатор ""Сантехпром БМ"" с монтажной высотой 500мм, из 9-ти секций и с номинальным тепловым потоком 1,62 кВт с универсальным монтажным комплектом G1/2 РБС-500-9-1,665 ГОСТ 31311-2022.";Радиатор с монтажной высотой 500мм, из 9-ти секций и с номинальным тепловым потоком 1,62 кВт с универсальным монтажным комплектом G1/2 РБС-500-9-1,665 ГОСТ 31311-2022;ЗЕЛЁНЫЙ;True;сантехпром;
009256_СВО_1-7_98.3(1).xlsx;выборка оборудования;2635;630-247824;"ООО ""Алсера"" , Россия, Москва, ИНН 7715757659, КПП 771501001, info@alsera.ru";7715757659;"Водонагреватель накопительный, настенный ""Аriston"" с мощностью 1,5кВт и объемом 50л PRO1 R ABS 50 V SLIM. Масса-0,019 т.";"Водонагреватель накопительный, настенный ""Аriston"" с мощностью 1,5кВт и объемом 50л PRO1 R ABS 50 V SLIM. Масса-0,019 т";ЗЕЛЁНЫЙ;True;;
009256_СВО_1-7_98.3(1).xlsx;выборка оборудования;1705;699-219335;"ООО ""КБ Пожарной Автоматики"", ИНН 6452063705";6452063705;Метка адресная, 4 ШС АМ4-R2 ПАСН.423149.027 по типу ТУ№ 50-01/РЧ-028403 от 26 ноября 2019 г. п. 43. Масса-0,0002 т.;Метка адресная, 4 ШС АМ4-R2 ПАСН.423149.027 № 50-01/РЧ-028403 от 26 ноября 2019 г. п. 43. Масса-0,0002 т;ЗЕЛЁНЫЙ;True;;
009256_СВО_1-7_98.3(1).xlsx;выборка оборудования;1908;619-249592;"АО ""ДКС"", Россия, Москва, ИНН 6905062011, КПП 695001001, info@dkc.ru";6905062011;"Шкаф серверный 2000мм x 600мм x 1200мм: крыша, основание для корпусов CQE (R5KTB612FITB) - 1шт.; стойки вертикальные (R5KMN20B) - 1 компл.; вертикальные профили 19"" (R5VUG42L) - 2 компл.; рейка боковая (R5PDL1200) - 1 компл.; панель боковая (R5ITCPLK20120B) - 1 компл.; дверь одностворчатая (R5ITCPMM2060B) - 2 шт.; панель крыши с щеточным  вводом (R5FSIT600B) - 3 шт.; ножки регулируемые (R5A45) - 1 компл.; заглушка 19"" (R5PRK1B) - 24 шт.; кабельный органайзер 19"" (R5CP1961HEB) - 7 шт.; короб перфорированный (01108RL) - 5 шт.; полка стационарная (R5RFLIT120B) - 4 шт.; полка регулируемая (R5RERIT810B) - 4 шт.; держатель кабеля (R5ITCL6060) - 2 компл.; кабели заземления (R5SGC05) - 1 компл.; шина заземления (R5SGB19) - 1 шт.; уплотнитель для ввода кабеля (R5FPC600) - 2 шт.; потолочный модуль на 2 вентилятора (R5VSIT6002F) - 1 шт.; термостат (R5THV2) - 1 шт. по типу ТУ 3430-030-47022248-2011№ 50-01/АВ-024519 от 31 августа 2021 г. п. 17. Масса-0,19 т.";"Шкаф серверный 2000мм x 600мм x 1200мм: крыша, основание для корпусов CQE ( - 1шт.; стойки вертикальные ( - 1 компл.; вертикальные профили 19"" ( - 2 компл.; рейка боковая ( - 1 компл.; панель боковая ( - 1 компл.; дверь одностворчатая ( - 2 шт.; панель крыши с щеточным вводом ( - 3 шт.; ножки регулируемые ( - 1 компл.; заглушка 19"" ( - 24 шт.; кабельный органайзер 19"" ( - 7 шт.; короб перфорированный (01108RL) - 5 шт.; полка стационарная ( - 4 шт.; полка регулируемая ( - 4 шт.; держатель кабеля ( - 2 компл.; кабели заземления ( - 1 компл.; шина заземления ( - 1 шт.; уплотнитель для ввода кабеля ( - 2 шт.; потолочный модуль на 2 вентилятора ( - 1 шт.; термостат ( - 1 шт. № 50-01/АВ-024519 от 31 августа 2021 г. п. 17. Масса-0,19 т";ЗЕЛЁНЫЙ;True;R5;
009256_СВО_1-7_98.3(1).xlsx;выборка оборудования;355;640-437093;"АО ""Энергомаш"", Россия, г.Великий Новгород, ИНН 5321105540, КПП 532101001, office@energomash-nov.ru";5321105540;Клапан обратный осесимметричный DN 300 PN 12,5 МПа фланцевый ТУ 3742-004-79900391-2013 комплектация по обосновывающему документу 0092.049.Р.13/1.0004.УКПГ.045.0921.000-ИК1-2.ОЛ10-8 инв.№10172342.;Клапан обратный осесимметричный DN 300 PN 12,5 МПа фланцевый комплектация по обосновывающему документу 0092.049.Р.13/1.0004.УКПГ.045.0921.000-ИК1-2.ОЛ10-8 инв.№10172342;ЗЕЛЁНЫЙ;True;;
009256_СВО_1-7_98.3(1).xlsx;выборка оборудования;2762;639-408605;"ООО ""ВИСТЛ"", Россия, г. Москва, ИНН 7722433768, КПП 772401001, mail@vistl.ru sales@vistl.ru proekt@vistl.ru (для проектов)";7722433768;"Оповещатель охранно-пожарный световой с белой надписью ""Вентилятор включен"" на зеленом фоне ""Молния-220"" по типу ТУ 26.30.50-004-24433376-2022. Масса-0,00022 т.";"Оповещатель охранно-пожарный световой с белой надписью ""Вентилятор включен"" на зеленом фоне ""Молния-220"" Масса-0,00022 т";ЗЕЛЁНЫЙ;True;;
009256_УСВР_СМР_1-7_КАЗ(1).xlsx;Готово;1618;19-472340-С;"ООО ""Ньюфрост"", ИНН 5037003085";5037003085;Термостабилизатор ТСГ-14 ТУ 3642-002-78046368-2011. Комплектация по обосновывающему документу 0092.049.Р.13/1.0004.УКПГ.045.5102.000-ТСГ6.ОЛ1 инв.№046375/0004.;Термостабилизатор ТСГ-14 Комплектация по обосновывающему документу 0092.049.Р.13/1.0004.УКПГ.045.5102.000-ТСГ6.ОЛ1 инв.№046375/0004;ЗЕЛЁНЫЙ;True;;
009256_СВО_1-7_98.3(1).xlsx;выборка оборудования;1863;6010-229327;"АО НПК ""ВИП"", Россия, г. Екатеринбург, ИНН 6662058814, КПП 668501001, info@npkvip.ru";6662058814;Преобразователь давления разрежения в комплекте с клапанным блоком СДВ-SMART-Ex-ИВ-1320-01-ЭП1-t16-025-~3,15кПа-42+НАRT-К04-П-КБуст/БКН2-Н/СК(ДД)/М20-09Г2Сх2 АГБР.406239.01 по типу ТУ№ 50-01/МШ-007142 от 7 августа 2020 г. п. 20. Масса-0,007 т.;Преобразователь давления разрежения в комплекте с клапанным блоком СДВ-SMART-Ex-ИВ-1320-01-ЭП1-t16-025-~3,15кПа-42+НАRT-К04-П-КБуст/БКН2-Н/СК(ДД)/М20-09Г2Сх2 № 50-01/МШ-007142 от 7 августа 2020 г. п. 20. Масса-0,007 т;ЗЕЛЁНЫЙ;True;АГБР.;
009256_УСВР_СМР_1-7_КАЗ(1).xlsx;Готово;785;13-240337-С;"ООО НПП ""ИНТЕХ"" , ИНН 0276132981";0276132981;Кабель 7х2,5ок КуПе-Бнг(А)-LS-ХЛ по типу ТУ 3581-001-92800518-2012.;Кабель 7х2,5ок КуПе-Бнг(А)-LS-ХЛ;ЗЕЛЁНЫЙ;True;;
009256_УСВР_СМР_1-7_КАЗ(1).xlsx;Готово;1593;13-458466-С;"АО НПО ""Тяжпромарматура"", ИНН 7717662787";7717662787;"Кран шаровой под приварку DN 50 PN 10,0 МПа ручной, с концами под приварку, надземной установки, климатическое исполнение ХЛ1, класс герметичности ""А"" ГОСТ 9544-2005 ТУ 26-07-1435-95 комплектация по обосновывающему документу 0092.049.Р.13/1.0004.УКПГ.045.1029.100-ТХ.ОЛ46-11 инв.№018949/0004.";"Кран шаровой под приварку DN 50 PN 10,0 МПа ручной, с концами под приварку, надземной установки, климатическое исполнение ХЛ1, класс герметичности ""А"" ГОСТ 9544-2005 комплектация по обосновывающему документу 0092.049.Р.13/1.0004.УКПГ.045.1029.100-ТХ.ОЛ46-11 инв.№018949/0004";ЗЕЛЁНЫЙ;True;;
009256_СВО_1-7_98.3(1).xlsx;выборка оборудования;879;605-507244-Ш;"ООО ""ЗВЕЗДА-ЭНЕРГОКОМПЛЕКС"", ИНН 7811717360";7811717360;"Шефмонтажные работы. Электростанция дизельная; электрической мощностью 1000 кВт, частотой 50 Гц; степень автоматизации  (третья); с ДГУ в компактном исполнении; с номинальным напряжением 0,4 кВ; без распределительного устройства; с электрическим типом системы запуска; с автономным предпусковым подогревателем охлаждающей жидкости; с возможностью параллельной работы; режим работы  аварийный; без системы утилизации тепла; с комплектацией счетчиком топлива с индикацией по месту и вычислителем; с прибором учета выработанной электроэнергии; без выносного пульта управления; в сейсмостойком исполнении; климатического исполнения УХЛ (для умеренного и холодного климата), категория размещения 1 (на открытом воздухе согласно ГОСТ 15150 (табл. 2). ДЭС - 1000 - К - 0,4 - 3 - G2 - 0 - Э - ПЖ - РЗ - А - 0  Сут1 - УЭ - 0 - 0 - 0 - С - УХЛ - 1 по типу ТУ 2711-008-35252548-2019 Комплектация по обосновывающему документу 0092.049.Р.13/1.0004.КОС.045.4401.009-ЭМ.ТОЛ (изм.2).";"Шефмонтажные работы. Электростанция дизельная; электрической мощностью 1000 кВт, частотой 50 Гц; степень автоматизации (третья); с ДГУ в компактном исполнении; с номинальным напряжением 0,4 кВ; без распределительного устройства; с электрическим типом системы запуска; с автономным предпусковым подогревателем охлаждающей жидкости; с возможностью параллельной работы; режим работы аварийный; без системы утилизации тепла; с комплектацией счетчиком топлива с индикацией по месту и вычислителем; с прибором учета выработанной электроэнергии; без выносного пульта управления; в сейсмостойком исполнении; климатического исполнения УХЛ (для умеренного и холодного климата), категория размещения 1 (на открытом воздухе согласно ГОСТ 15150 (табл. 2). ДЭС - 1000 - К - 0,4 - 3 - G2 - 0 - Э - ПЖ - РЗ - А - 0 Сут1 - УЭ - 0 - 0 - 0 - С - УХЛ - 1 Комплектация по обосновывающему документу 0092.049.Р.13/1.0004.КОС.045.4401.009-ЭМ.ТОЛ (изм.2)";ЗЕЛЁНЫЙ;True;;
009256_УСВР_СМР_1-7_КАЗ(1).xlsx;Готово;1487;19-434802-С;"АО ""Энергомаш"", ИНН 5321105540";5321105540;Клапан обратный фланцевый DN 80 PN 16,0 МПа, в комплекте с ответными фланцами, прокладками и крепежом, среда-газ, в сейсмостойком исполнении EZB-1-80-16,0-1-09Г2С-ГП ТУ 3742-004-79900391-2013.;Клапан обратный фланцевый DN 80 PN 16,0 МПа, в комплекте с ответными фланцами, прокладками и крепежом, среда-газ, в сейсмостойком исполнении EZB-1-80-16,0-1-09Г2С-ГП;ЗЕЛЁНЫЙ;True;;
009256_УСВР_СМР_1-7_КАЗ(1).xlsx;Готово;1925;19-200007-С;"ЗАО ""ПРОИЗВОДСТВЕННАЯ КОМПАНИЯ ""ХИМСЕРВИС"" ИМЕНИ А.А. ЗОРИНА"", ИНН 7116001422";7116001422;"Электрод сравнения стационарный медно-сульфатный двукорпусной длительного действия СМЭС ""Менделеевец"" СМЭС-2-15 ТУ 3435-016-24707490-2007.";Электрод сравнения стационарный медно-сульфатный двукорпусной длительного действия СМЭС СМЭС-2-15;ЗЕЛЁНЫЙ;True;МЕНДЕЛЕЕВЕЦ;
009256_СВО_1-7_98.3(1).xlsx;выборка оборудования;1758;629-267658;"АО ""ДКС"", Россия, г.Тверь, ИНН 6905062011, КПП 695001001, info@dkc.ru";6905062011;"Корпус - IT напольный 19"" ДКС серии CQE 42U 600х2000х600, двери стекло+сплошная, панели для крыши, кабельный ввод, RAL7011/7035 арт. R5IT4266GS по типу ТУ 3433-036-47022248-2013№ 50-023-055244 от 16 декабря 2022 г. п. 1. Масса-0,137 т.";"Корпус - IT напольный 19"" серии CQE 42U 600х2000х600, двери стекло+сплошная, панели для крыши, кабельный ввод, RAL7011/7035 типу № 50-023-055244 от 16 декабря 2022 г. п. 1. Масса-0,137 т";ЗЕЛЁНЫЙ;True;ДКС | R5;
009256_УСВР_СМР_1-7_КАЗ(1).xlsx;Готово;926;13-220862-С;"ООО НПП ""ИНТЕХ"" , ИНН 0276132981";0276132981;Кабель 5х2х1,0-660 ИнСил-ИЭОЭКнг(А)-ХЛ по типу ТУ 3581-008-92800518-2016.;Кабель 5х2х1,0-660 ХЛ;ЗЕЛЁНЫЙ;True;ИнСил;
009256_СВО_1-7_98.3(1).xlsx;выборка оборудования;1493;105-507218-С;"ООО ""ЗВЕЗДА-ЭНЕРГОКОМПЛЕКС"", ИНН 7811717360";7811717360;Оборудование дополнительное для ДЭС УКПГ-45. Комплектация по обосновывающему документу 0092.049.Р.13/1.0004.УКПГ.045.4401.118-ЭМ.ОЛ (изм.2).;Оборудование дополнительное для ДЭС УКПГ-45. Комплектация по обосновывающему документу 0092.049.Р.13/1.0004.УКПГ.045.4401.118-ЭМ.ОЛ (изм.2);ЗЕЛЁНЫЙ;True;;
009256_УСВР_СМР_1-7_КАЗ(1).xlsx;Готово;1321;13-193039-С;"АО ""ДКС"", Россия, г.Тверь, ИНН 6905062011, КПП 695001001, info@dkc.ru";6905062011;Колодка клеммная соединительная 3х6мм В63 ТУ 3449-009-47022248-2010.;Колодка клеммная соединительная 3х6мм В63;ЗЕЛЁНЫЙ;True;;
009256_СВО_1-7_98.3(1).xlsx;выборка оборудования;644;654-479195-3;"АО ""Энергомаш"", ИНН 5321105540";5321105540;Клапан запорно-регулирующий фланцевый DN 100 PN 16,0 МПа, с электроприводом ТУ 3742-008-79900391-2014 комплектация по обосновывающему документу 0092.049.Р.13/1.0004.УКПГ.045.0019.005-ТХ1.ОЛ10-31 (изм.3).;Клапан запорно-регулирующий фланцевый DN 100 PN 16,0 МПа, с электроприводом комплектация по обосновывающему документу 0092.049.Р.13/1.0004.УКПГ.045.0019.005-ТХ1.ОЛ10-31 (изм.3);ЗЕЛЁНЫЙ;True;;
